INSERT INTO `company_fees` (`fee_ID`, `Prąd`, `Internet`, `Ubezpieczenia`, `Pensje`, `Oprogramowanie`, `Szkolenia`, `Marketing`, `Eksploatacja_sprzętu`, `Paliwo`, `Inne`, `Data`) VALUES
(1, 2016, 826, 1601, 40141, 29005, 59460, 17440, 67753, 96645, 31843, '2002-01-10 04:10:43'),
(2, 1585, 899, 3793, 47530, 25451, 27451, 16192, 92918, 12809, 11215, '2021-01-22 12:14:02'),
(3, 3950, 964, 2985, 34633, 22303, 35345, 26402, 64366, 92199, 25955, '2016-08-19 07:08:21'),
(4, 2813, 603, 3161, 32670, 27034, 52307, 15832, 46304, 26485, 28364, '2016-05-24 02:34:26'),
(5, 2862, 554, 3365, 37465, 27355, 33110, 16974, 42062, 30869, 35695, '2021-10-30 15:52:46'),
(6, 3659, 583, 1613, 34218, 22108, 14034, 11936, 89472, 55014, 33464, '2018-12-12 09:35:51'),
(7, 3235, 942, 3075, 32832, 29296, 29958, 24628, 88210, 94643, 20496, '2013-10-09 15:52:33'),
(8, 3924, 841, 1737, 30547, 29623, 42214, 10461, 41004, 51285, 25057, '2020-03-10 11:10:46'),
(9, 2828, 904, 3197, 36559, 28601, 40023, 12229, 60865, 40392, 34223, '2017-03-02 11:00:04'),
(10, 1677, 901, 3448, 40699, 21926, 45365, 26243, 88979, 63789, 33892, '2010-03-28 22:38:42'),
(11, 2276, 508, 2055, 38663, 22197, 59436, 9846, 47875, 82038, 18123, '2018-10-06 06:16:36'),
(12, 2038, 688, 2123, 39554, 26404, 16769, 24769, 79311, 90081, 20286, '2006-12-27 10:55:46'),
(13, 1634, 876, 4531, 48046, 29404, 38036, 28059, 59248, 58931, 19397, '2006-02-03 00:52:05'),
(14, 1009, 670, 3876, 48102, 24263, 21134, 16754, 53236, 56390, 39024, '2007-04-20 12:55:45'),
(15, 1381, 960, 1517, 44951, 20420, 30027, 27992, 42844, 44918, 37404, '2007-12-26 16:41:01'),
(16, 3500, 983, 1851, 42504, 22461, 44804, 21302, 72906, 66136, 21961, '2001-01-19 16:19:58'),
(17, 1712, 957, 3339, 38315, 26230, 17609, 9842, 77369, 26553, 25520, '2022-05-20 11:10:56'),
(18, 3860, 902, 3231, 44122, 25180, 32243, 14681, 72864, 77922, 30764, '2006-05-28 05:06:34'),
(19, 1891, 865, 3807, 36360, 20774, 56437, 25246, 68359, 39571, 37939, '2002-03-27 12:49:12'),
(20, 3351, 847, 3608, 45149, 25210, 44820, 19876, 89085, 85665, 20190, '2004-09-26 20:35:40'),
(21, 1481, 946, 1549, 37629, 20341, 40751, 13142, 67199, 83403, 29653, '2009-06-16 05:08:28'),
(22, 2431, 813, 3435, 49311, 26132, 18835, 24098, 43555, 13603, 25629, '2016-07-27 09:58:28'),
(23, 3669, 681, 1448, 33983, 23250, 16000, 12800, 66148, 81461, 31469, '2011-12-03 04:52:19'),
(24, 3639, 998, 2384, 35497, 25505, 15717, 13525, 52843, 75763, 17211, '2006-02-04 09:54:05'),
(25, 3558, 808, 3644, 42248, 26314, 52333, 19086, 67209, 58872, 16362, '2021-03-09 00:09:02'),
(26, 3497, 946, 2788, 37932, 22918, 31674, 9485, 42581, 25728, 23369, '2020-01-14 19:08:39'),
(27, 2894, 935, 4736, 47961, 21941, 20532, 19576, 50661, 14918, 37177, '2013-06-16 00:45:25'),
(28, 2361, 567, 2414, 40494, 29456, 24986, 14535, 90243, 81381, 36050, '2003-02-09 11:54:47'),
(29, 2324, 607, 3965, 45244, 27086, 54382, 25552, 80279, 35012, 10694, '2019-02-17 22:27:38'),
(30, 3515, 770, 4245, 35074, 26664, 47654, 19726, 42436, 18277, 20392, '2021-03-29 19:17:46'),
(31, 1235, 532, 4051, 44034, 22887, 48668, 23403, 90356, 24818, 34688, '2007-07-31 20:35:46'),
(32, 3568, 665, 3772, 49752, 28415, 46322, 29968, 55109, 15117, 36443, '2018-12-30 03:13:23'),
(33, 1370, 697, 4354, 47406, 25932, 11404, 19819, 52726, 33419, 13899, '2015-05-24 15:54:58'),
(34, 2129, 994, 4696, 45742, 21488, 50320, 9609, 85686, 68805, 38077, '2022-12-04 13:46:48'),
(35, 1026, 940, 4503, 32397, 25527, 26758, 22896, 86187, 98588, 23774, '2006-07-31 13:11:38'),
(36, 1210, 781, 2273, 33133, 28076, 59966, 26879, 44099, 96152, 11163, '2000-06-17 09:12:21'),
(37, 3224, 951, 4494, 30506, 22328, 48300, 10078, 62724, 32875, 26483, '2003-01-14 13:16:35'),
(38, 1012, 732, 3004, 41453, 26165, 37012, 22278, 45421, 65583, 35203, '2017-06-27 18:56:55'),
(39, 3772, 918, 1399, 32769, 21186, 27695, 5707, 44896, 62704, 17822, '2007-11-24 09:26:40'),
(40, 1926, 884, 1098, 34479, 27158, 23414, 6602, 69533, 58394, 23419, '2018-05-07 15:39:38'),
(41, 1855, 516, 2059, 38737, 28144, 23126, 16362, 65028, 50463, 39808, '2010-09-11 21:34:54'),
(42, 3638, 620, 1917, 33852, 20992, 59978, 24537, 90922, 83399, 26090, '2001-11-04 15:51:25'),
(43, 1897, 826, 2363, 38845, 26831, 28859, 24912, 73128, 99618, 37193, '2014-01-06 04:13:52'),
(44, 1957, 515, 4035, 45724, 26897, 17074, 20319, 57844, 29618, 28152, '2013-04-09 15:51:25'),
(45, 1653, 864, 2427, 32622, 23860, 11124, 7945, 87824, 68758, 10682, '2005-09-01 04:07:19'),
(46, 1733, 661, 3332, 48416, 27625, 54488, 18235, 87076, 79971, 18817, '2022-11-07 16:48:00'),
(47, 2303, 867, 4461, 30237, 25075, 28005, 13355, 56028, 59471, 24348, '2018-03-24 04:45:30'),
(48, 2134, 868, 3158, 39767, 20153, 24276, 6321, 93705, 11968, 29686, '2020-11-25 22:53:25'),
(49, 3853, 531, 1550, 43019, 22032, 15796, 14063, 95031, 24173, 17039, '2015-12-16 17:58:57'),
(50, 3319, 552, 1513, 40958, 21159, 10360, 15164, 42477, 77877, 25155, '2016-07-20 12:55:31'),
(51, 3141, 604, 1412, 40554, 24531, 55047, 12899, 69209, 40662, 14243, '2000-04-05 15:09:27'),
(52, 2736, 652, 4178, 34988, 22924, 13773, 8046, 95016, 57502, 20823, '2019-11-15 20:01:53'),
(53, 1925, 816, 4725, 43391, 21669, 51153, 10084, 96905, 21834, 14983, '2007-03-13 02:39:16'),
(54, 3292, 993, 3146, 39159, 28475, 57285, 16565, 66947, 73956, 24106, '2005-07-19 20:24:47'),
(55, 3043, 871, 3655, 41067, 28742, 30304, 9454, 82496, 28905, 20252, '2011-04-18 07:15:37'),
(56, 1520, 814, 4746, 34007, 24140, 51774, 8817, 72450, 84177, 22179, '2001-03-14 01:26:50'),
(57, 3765, 730, 2713, 35867, 24054, 30326, 11679, 63348, 55210, 32783, '2005-01-04 05:06:03'),
(58, 3330, 597, 4867, 40218, 26882, 51619, 11888, 44930, 58026, 11224, '2010-07-27 13:38:08'),
(59, 3754, 628, 3004, 45863, 29588, 25931, 24662, 84933, 92207, 15930, '2021-06-01 19:21:46'),
(60, 1378, 588, 4930, 33174, 27272, 14838, 24098, 77760, 49518, 26240, '2009-01-12 14:34:49'),
(61, 3782, 693, 4335, 46468, 27623, 16338, 16774, 54675, 33246, 22741, '2006-10-26 18:15:01'),
(62, 1844, 884, 3319, 46745, 24693, 34555, 28901, 61388, 15249, 19023, '2019-08-30 12:22:17'),
(63, 3455, 979, 2601, 36879, 27346, 57345, 25533, 71553, 42745, 13230, '2002-01-14 05:18:52'),
(64, 3756, 778, 4448, 48753, 28273, 46795, 13697, 80193, 96539, 26666, '2003-05-07 02:52:33'),
(65, 1987, 766, 4874, 34300, 27502, 19108, 15648, 57908, 12189, 38575, '2001-04-06 07:12:44'),
(66, 2216, 736, 3994, 34660, 21776, 13727, 15940, 70031, 49472, 37513, '2016-07-24 14:55:08'),
(67, 3994, 922, 1793, 42835, 20633, 22513, 9917, 89846, 22517, 36207, '2011-03-06 03:26:36'),
(68, 2600, 954, 4531, 40095, 25292, 39618, 11612, 69367, 82615, 37374, '2021-01-18 18:07:48'),
(69, 1283, 525, 2979, 32194, 22412, 23857, 12505, 50769, 77864, 22394, '2005-12-17 21:32:33'),
(70, 1999, 937, 3988, 30927, 26189, 50862, 29176, 71732, 13092, 16457, '2002-07-24 08:52:30'),
(71, 1113, 642, 3906, 35087, 21168, 28400, 23407, 45254, 44074, 21288, '2020-06-21 04:18:20'),
(72, 1466, 734, 1982, 41455, 20335, 44496, 8910, 95903, 24892, 36065, '2004-05-15 07:50:33'),
(73, 1051, 639, 4993, 47855, 23928, 49570, 8537, 68085, 71791, 10142, '2019-04-24 04:49:14'),
(74, 2489, 685, 1625, 38809, 24971, 40653, 14330, 73885, 97263, 26157, '2007-03-31 04:20:06'),
(75, 1361, 928, 1257, 46012, 25063, 18534, 6761, 45933, 44015, 39918, '2018-01-25 12:12:40'),
(76, 3349, 620, 3932, 46853, 28516, 55550, 15880, 87684, 74126, 32486, '2018-11-03 05:11:26'),
(77, 1930, 729, 3311, 33971, 24390, 11760, 13690, 89730, 94635, 11168, '2015-09-29 15:10:23'),
(78, 3978, 579, 3619, 49367, 24005, 44282, 24543, 83722, 82485, 24168, '2007-11-18 10:39:19'),
(79, 1435, 657, 4926, 35156, 29782, 40903, 24719, 95090, 47755, 27609, '2002-01-23 04:20:56'),
(80, 1901, 847, 1633, 33680, 27360, 11879, 25048, 73207, 18515, 35521, '2019-07-03 11:39:34'),
(81, 2963, 552, 4423, 49953, 23641, 11092, 22090, 77535, 15164, 22798, '2015-11-08 12:35:04'),
(82, 3218, 533, 4514, 34466, 23456, 51376, 15705, 46670, 38263, 14759, '2016-03-22 14:30:34'),
(83, 1660, 565, 2639, 39430, 29474, 20368, 11595, 58842, 75798, 12760, '2018-09-14 07:15:39'),
(84, 2910, 865, 2978, 33582, 24287, 46367, 25347, 41599, 97485, 28740, '2003-09-15 19:09:32'),
(85, 3374, 848, 2169, 44613, 24980, 14592, 15135, 95592, 11511, 16533, '2014-01-07 09:47:25'),
(86, 2010, 893, 2640, 30551, 25569, 47665, 16858, 74944, 69755, 25786, '2004-09-16 18:45:11'),
(87, 1476, 892, 2241, 32085, 20541, 46030, 18065, 42032, 81971, 12474, '2018-11-11 04:15:41'),
(88, 3144, 638, 3278, 30544, 29165, 29419, 22244, 51126, 29304, 14005, '2006-08-01 09:04:12'),
(89, 1099, 883, 3103, 44031, 23139, 20594, 24193, 53898, 91659, 25155, '2007-12-27 02:53:17'),
(90, 3960, 663, 1829, 37564, 24838, 48200, 26689, 63221, 96091, 15325, '2020-03-27 08:29:57'),
(91, 2711, 588, 4272, 43085, 26517, 25678, 5014, 42013, 60091, 13553, '2019-11-21 01:55:28'),
(92, 2108, 532, 3719, 46527, 24854, 29339, 9962, 93206, 93342, 37239, '2021-01-25 07:20:38'),
(93, 3428, 674, 4286, 48490, 27081, 49719, 21524, 83823, 71836, 30790, '2010-01-31 13:17:56'),
(94, 3313, 544, 3053, 38525, 28214, 29219, 5435, 93527, 54782, 11605, '2020-10-16 02:45:40'),
(95, 1752, 955, 3952, 36937, 29721, 27717, 10599, 52491, 36708, 38205, '2008-01-14 03:48:37'),
(96, 2132, 993, 2551, 47922, 20843, 22254, 7890, 90219, 45502, 24693, '2011-02-13 22:37:54'),
(97, 3552, 884, 1082, 41824, 20195, 58855, 16987, 86616, 95930, 12747, '2014-03-13 21:43:33'),
(98, 3376, 786, 1307, 43465, 25621, 28911, 17868, 70641, 69901, 10235, '2000-09-30 12:33:24'),
(99, 2546, 624, 4453, 30300, 27255, 25327, 13934, 71713, 92769, 32746, '2002-12-16 19:09:35'),
(100, 1096, 648, 2115, 32726, 25156, 37633, 6118, 89271, 47166, 34303, '2009-01-30 05:23:20');

INSERT INTO `contracts` (`Contract_ID`, `Okres_do`, `Warunki`, `Kwota`, `Opis`, `Customer_ID`) VALUES
(1, '2014-08-03 16:01:50', 'z7XvqBOWXpzcy4rPUr9D7qP7elXaGoGBiUxAxf9pfHiLLhIpDpAis83', 118329, 'saQEnyQsjy3dHqbzsUi0IDw7csXaoiTkbnSXO4Bq1zmXnphWNLzXZDBooTm5azDAeTCdYEkyT18SbYTxKAMdt5LYmns5RFQBwl3UnE7JlAEhEsNP9zvZmkRiHn0vVogNl6g0f8KFDD2s0nT4ad5cT0ZLTUM9NMx6e16HLWuAppWjrjreT5U2sE4vhUhLwK11P5O9rMtD', 1),
(2, '2023-01-12 21:46:37', 'd0etmspS15OZ7Kk0ziOexfTvVsxHMRJxRQRr0xiDfjAUryCgm2OKqSz', 486478, 'gsX34hFjvaIq22AC9K9Of9EhpQfUD9G8aTKIZoI7eajQpVnt1LKfTlcho0OoCugvUJQjs2mUBBtFZx1Tmvc1zlpy0mejae4t3x6gFEB9jzdR2XH094BRRp5sdbsFYD4hH9Mm1VOhudRAHY6dfnjgcncN1NCnW5lf56K2Lf8oqegyY5lFfOkudXEdh8unSkLy2wFLODS9', 2),
(3, '2021-12-13 21:49:57', 'Hnz6m6IIV0Bh1qVMuUVFTr6lzZ1b6kFhhGW3JyBVbCdBuiUhsFOUkup', 235733, 'rNGMFqLvvd9uTbC6T9oQO40RFTt0Vu7xb7M6rzQu1sPQijOQDSAkGZLwWyGw7VaAgMSWPGPet3YgpjtfFcxDtXqCvZj2sdxgSOuVQ1B6Dg0MApHwFkreiWQIfQlzhWwQF2NazXPNb0ANgdCGSwxHwT857mzAQMZqukHHbq7rVdCrWDmCOeguiodv4ScNiO6PaTd6W4om', 3),
(4, '2024-09-28 02:45:17', 'QQi49xwvppIFGVMINuJGhxQDkppT045c3KfouiNucKjvKXzBsfYE6ov', 261790, '9eUUIc5vtqM50iYphZoWOf3M0okUg1fOZBoPO2m9PxCeL3KJHsghAYOelHed2lP1K7gy3IbowoHacYB6dbMxV8OBxKoGYIHoiLUOXWQ8Q1uWRxBNFhAaYbfMtfAteUQngd2RExjGKNhdN1t9IaB1IqQGpIf1Vhe5lGzy5uIS83QK4B81vBkDTYfzNvm6Srvntl2GB5DY', 4),
(5, '2015-03-17 16:52:14', 'aFMnJnGT6amMlAkKIMAQHmaTJ2zz8LvlfPYHi8wokbrS9peBU3QFsmH', 417112, 'p3dRyQVupBrWldlJZWpq5ITdXxfE5q32HkcpffzUF6n88Ia1SGpV6b3gj93AvRy8HyOAB5o4gVl8fVfPXnwyBh5qq5FfmziyHo0J3ZzWcvzlz4BNdnnHeA7k3hUFzIRrww10fWW7yZWQrT0w32B8LbTHrPPVFthTdIzCDLsHRpTFnr2jrhM7HTfUduJQHA2E2Cwjexts', 5),
(6, '2012-11-12 20:40:30', 'INd9WqohhjMKnejSCbARxOMl4TE3ydxNm8MPQJ3aVUgTzm69Oaqr4Zt', 455544, 'A1FDlvtEv8ioSTB2ij5cr3vSWFoXxFTMPSOZEzyklch1ERr4YxJUeRMHFxrgHVRppVZ9FmysuV0OW4NEXt9968s8GHTRISdQL1Ls2szw9akJa7uLjmJXWStrnb37Shkc1kCeteLp3N9gYihIXIrfJF43IdFby2dczHRz4PbEaddISMSE3ukKzETwqJWPZu0BtgqQRrNH', 6),
(7, '2022-07-05 14:04:39', 'lvl5LAhDRTnuyeJv3LpqncYvgBxLhddMAoK4iaEZMxta35cwibNf7YC', 116570, 'WzZJNWgyzauKUONdHPezs82kjAnFP8OmmBisA4M0Q4kcLScTOuXs4MaY7zjMsaj1MIhSqedMDnjyXZYQiT1fkgralKvKUAH0VsQDuJntRKoQnlAhbTnYjERqaHrftS1DgsdoJVgYqHNZ1bx9JNtBWsQQbkmncHA8Tlt4IWYFxPsc01y8UrWfjzrxcMMjt35iHPGQs31x', 7),
(8, '2024-11-30 14:14:06', 'AyZkvnSvvfYd36b5JzW4TJUkuiQb0jp6lkwnwmxFkJwm0nWvb5nAQUx', 431721, 'dzzNX15Mzc1TJxIhBRTJXstGLeA45ppQx6K7wkstOjxYvDmnxF89BndvFtB21BQJwlgMnKvbjk5x5VUI1WH0rqPKdZ2Diz1NSnlKgZAmUhaarpztY3Ae3abGWWtORr2tsreRtKlbWefKQycxjJpoyXT2MeyKqwUnoqrAKi9NSiIZ5R0h46oICN5VYmFPWbvkK2fjHcmB', 8),
(9, '2012-09-14 10:21:15', 'O464nQQuHLkbuWlicu01xiPDwQZbTm9k0pHeqKlFKBc8RDyv0EiYlfc', 356181, 'p2IW1yaeL9kFOH1SJuqvFQvscolPEk9VMayxCOOWk7wRdtgsMQP0yrkYHZ4MMLal9O2xSEP4gUKIedOsI2CxVJgf0aqnTCJZgLSO0sZHAVUegb4nKMETJmQ0sW72YmkdKvlSLA1Zc4x9zB9YgCcH7zP35bgdvhtYu0Uu0lbKUo1OzQAqXiWVJdgVfrXudYo5LZP9rOi4', 9),
(10, '2020-09-12 06:47:18', '8BEoazGNLXORU8PIOrq6A5DaBB8J9bv1pMWensTnRbuxK7ps9aq3l1S', 69763, '7nnZ07NtmXmHmvefYCojLQQDWPJiv1Px4Ug9F4wUNALxViGO6KfiNt1rXkCkxp7uHyMSOeadQTWKFcryJ5mlWqkLczle1LhhDaphVy9btBS3Wqm42Ob1CWXaNBzY25mEwyHoxKcU6L1VXrywNrmnuperCOUU9kiyZOGii7HsvH51eCCgMCLLT8UHTami0IUVnD6JlQOP', 10),
(11, '2020-04-10 20:51:36', 'unMALxH7ZWea48OHVj2mwkObF346x6mZGrXqOmWCBX6QifOmBH4ABO0', 124709, 'Yu4S3LKdtFTNli3tM0lZn73joS4qBmY21MRdrEIzNdhdMBAdNLyLnaga1UnkQdbHqbVZQaBHrvMKaZXmRbczxNOaq0lXbijtBZwuqlMxKre1OVAc7ASzBlTdM5sZyopIMcJBnm6qOopGtXLU0JabPtrZFSiu2w9gBVovM8yUDmkW6MuytYipNO3dut5UEMxbpJFXtZH1', 11),
(12, '2016-01-04 02:22:36', 'IVd3itBeNUSwbLAdDeP1zIqxHWFTQqUI0RUZQBwULSNV0S6iZoy0zgx', 50213, 'opvLorNh9K6K1lMBs4pg5V6yah4l2eSUdUvkQkqdFqVqWwqxcwI50QESt6vGwlof2mqhzlvHNMbO9Pcn0GJGWXdNPc1TzkqdCzyuGJ70AAroz0TeeHQqbhJfIdSXucRnf8LJashrITGVpzXYJXyrTABfqTln1kFhsDJ1oJDwkjhIayzTF3OXnjUe6qdGG4ziOimmpftA', 12),
(13, '2015-09-12 00:07:44', 'c3E1eSh7Wr3Iso48p6ppt932LMnjKNElckBDmlmyX2Mhpd3BluUXWcA', 263842, '9MqSo7xInSqIm0WEU1S1xVNsSm8Z3rO9jiDZ5TJZED4WwvYuYQDeJJqo879B8YO5DrjEx6IAs2wtb05hOOBmot0a2Za7UHbqz8TFMT7bHCwQW6NIBcxuWlRT0IMXfKqkbF4ch0U4Rjel7kD5MS61UrTNq9ODHj57WLyQCulLI2cxGqWQEQLNOzQuwqvhlRxsohOvvx2b', 13),
(14, '2022-06-10 17:42:25', 'OgG9n880Xrth4DeV8Dj0FuJjckeRYtgcGzgPkw3mS6U6yq0rShdmL2V', 268373, 'XhhDercoLQbFhPvMK6hIaMvvtw80Q3QNeC1CO0IlepvhPvKDvQcPUMDKwvTrslYR9NkfXs7Tx5oubNg7m4F9bB3R8qQdgb33RdhBKpqCSJbYiTtiOWFxfZ08UThqcexWCud8pfx7OCqRjeto7rOKWFX1njr1H9kyVFVx0u3tiHjctiYzj2suQmA7XlUGx6zOc16eJ6yM', 14),
(15, '2024-07-24 11:36:13', 'f4IEK2RPRzhtEYZOax6mSVA1m4qnDf6vAvcccP55oj7mUMZugkwAi96', 125603, '3RcQMnMv3wsT57vK1B7sXYhZe5Hct5NBzRjLxpsAWMtheGyjymJhBNwfuDwRgtC7iqdoXkWMS7VLp94XGioGwq9meDau2benKv9ynKLNP6OE1l0vIYK8F5L2q1JUKmU0csA3AGu5Xa10b5u3NpleRfhPkGHwB0DmmXlJl6uCoPloEUavGQHeBzj7KvT3874gXOODTlRQ', 15),
(16, '2026-06-15 13:48:01', '43KPqVpvtilwyo8zm1DqVERzGWce80jcAhCRkENnRJxymbPoncoDfIq', 429108, 'lUIT3Kw28JvQmqOhnaYMRdNoGx1gMg611LqQ64tGW5zdq9C6NGZFtejIHdMGTQpcM3ZaA8ltqRzWnt8Gu4SGH1IWmiIcrnxGPXRwkm6OfpYbpMeYfFVY7jVVvCxb0JCDetGQcMgI7ElbcqqZEt6lRYIqB5AhyfYVnV75GN6SjMb3842FVXXGMavGlZPgM8UcpPxGtvT0', 16),
(17, '2024-04-25 14:01:04', '7OsHD5LaHRJNk1Ur8aGl28NsGvVkEgTiYqIWrHcQw3UYFkg2al2XhaM', 487993, 'B9ARjlWl7ly3s8A070y9nzngPdKcn6B8eKUrHLrLhtaevmJclCZrlNUMWdCFb37Bj0ZhnStvInb4YIvmTr0lgUWR0IUnJlunwZ45NmySSoi8vayOsZwtDVePeIrf8Gmg3yH8N0Zr3hS2vXfZUG4tzAka4paE4TUMBBF6SzA2AEzfDmdGmRL1L3q2OqEiZVwkNF0tRjGe', 17),
(18, '2011-09-15 01:42:44', 'LFXSLTbmHcBIVNsmvbcpRPS7vtyDKqwIJ5rJSvXF3JcuDsYE1etnkDd', 468485, 'xagbeXcbq38ZgiT9EWvIwh3DVuMq6IiGcvW2P5lfrAEKt8iSKujNSUIPgdFuLveiV27vMbuJvPavdtTWM4fMiUxHmGVvz0U5gfy1BxFsAabC4WwxJtiRQS9BEzIFG8T45eP74cUYywMI2vMPUimGSCpNgxwMo9mBGgGaHy2rZJddG0ITm2viWNm3yCbHqHuyJKCVowIg', 18),
(19, '2022-02-09 21:40:08', 'jMHpodjvOEp34NlEWuBRZoT5ywp0uP2bgdTm5vcNi8kFfJbaKDJ43Zt', 465685, '2L11xtB9LOXa39JlRytaDOapVOpqF7hGtYtt3lZy6l3QvAhL4inFqT1ouMgjEV3OqQqfParqZ4ecUJ3UrdwhUbZagF8rFztkrpkfTB5e06qwyZTkTL2ljW3O1Q8KbAljL3upjXAphRrXvnmGvYX36IBVvVnDDvD0UGk5poB5KNDRpgdOo1YDnrnD2Y3Nu7lvO1CoCqbG', 19),
(20, '2016-08-02 10:43:42', 'FtqP2ZZMXAMndhDRvxLNlRCydyL7aRqL847IroVUhZYOoZLenKVjQgH', 409310, 'r2wDNcvFTBojj5jHb0pM3yJDnqTP6H5cxKaz1RGFnS5mvm5slOHZ0443ssahIfJMGMwZetPKujik2hRAvkor9fl2QhGJ0j6HIsfj0gO197pRWTAKbavh0cMkl3I6nGTKmacKBsKPWxsC0Ug7h5saxZQqf476XSN3neo50zJsPgLDtKuQXLYrX3WNKvoGuO2EjyZVqkGr', 20),
(21, '2024-02-22 22:10:16', 'ON6VKriL3gfuIavELC7AnHd5uYkxFq4YrE96zS6DqrKDTpNPzBguCKn', 99508, 'uBlwGvFNlHCDayP2F3U67ZlFKV7EKKVha2MyrJ75m7cLmKyBvnoJzrJUZflvyACbvfmimbL55ZU97ZdAg5SgfMrts1ZLiMGl4AaHhQZUcsNaXJX9ClP2rg6jx3zuC9XtStF79VcPg8Dw8RWjeZJ67O3XE0ToboSdVdHoEa9rI9VtcJlggQQm0awDzs2JByy2qkbfJseE', 21),
(22, '2017-08-30 10:48:56', '2K44OxILXpm4qEyVhzpUKdD2sGXyvMMYmzLox84OqneA7hyF3Igkwew', 231701, 'HCMIaTZLdOR12Jij4boh9C4LRS4mpllICwhvwwyWNTgsP6Muk7pVzOZEHA0HZxf2nJzGmxxInRUpfL5VGKBs5QSxWcnv5q6ZyoFFHFHxKhsh4tj5EfBOvw7X1BuJJBN6V411G0NBCOiYhu3m3rqZpsoBrrOGU8oITvM92ryOSAMhOjzHIIQbUyRmQ0KYmHqEkZEwh3uL', 22),
(23, '2025-12-08 10:06:38', 'fGxI2G7MsMyfejtBhamKTH7zeDkPXEi2qmHJCBgfJdWXliR7Jsocz6V', 225322, 'J8nygsznn5y1cj8f3GAzvjN5vnFoZFCuRsAEYs9bostptaektIjt5fmjurC2nKOi2Ektj3HKGjKC0iMVIf5QgTywGaUqpGyeeLwpzuAzBZmWUjtLfquIP7CjQxnIjaeAuqiovhgYeFPGqbcgrIL9WqPhJNYBG1Ql4mmnBEa8KVnJs52zVHbaPfnEaBfhIeRmynMEzyem', 23),
(24, '2022-11-15 04:48:00', 'CFyOUjp8a0WY8hMAj2zqDAVEsxAhmyrCqnBVMQNjySM7RxGRleDzWI6', 69034, 'tufgjIWlJTrUf1xSpQ1uxXw4rs6Iv2piq8lbuqAq6ky8GvvtquJGQLOW7lz0LN0QnJogPVi9QLyNjyy56MbBsjSeuPeJ0JetuhU6HOeUMKzFXBwIw449vziD0KwA1YJGqEcBe1xrsHzitNGscVX5Of749QG7cecxAtYTivo4HNQoA9UnDEhgAO1LHiBNv0POoBhAyxJr', 24),
(25, '2022-06-02 10:47:01', 'OT496c3X66xw1NMAtaIR8CA9cTyQ40zha06xnBRT61RrNvJllJ7QUgD', 138250, 'T5hnnncGGQWAQYXrJzVGvSvqJMov2jN3wuereopSYKl7YIVNvPGeL7bBK0da9rNhCcOg3pNeJCskqxRB1b9ndsrzTdhnLPTr7E454yTGBlVJP0UWicjhrkEUvYNZHjT4tAnm3VGCH3l1XikcJKEtqvAWAjKfl38bRaZONrdMVgZx8M7MyuQ7fkO7AQmTLlbO5Jj6IVOb', 25),
(26, '2022-08-03 19:22:09', 'WMXxm8q0nB6rLcN7FKBtEL2znADcgyPnMElx2yqN4kl3M1uqHRWgzoF', 127131, 'UiKl4OUyvSeH0ZFQdyydk8mvQWUPcsxi9adToFSqQwI3Wn0rLGDBzlkV6YVh3FVCf6HZ6vlXfIMx0sYmgmDWpwsX0HXQuvxLbFYagavaepgrYwfN9tAQB9XtNujyYVnuUBWuU8FF1n19QB8DmJQAuhJbrpMv17BJBvWXau3Bn5ZYHXcLvfMOEm9x14CovUO3ls8eplm1', 26),
(27, '2014-09-30 05:22:48', 'HvUUMA9WvxFYwifgsPPTqfwZZ8gK2U7zPKqGksbuU1IxnjrHFGJB9EI', 327354, '844OeydazPJl2Z59xf8zW8w0QYFvL60KCDHpxNQfYr8XZGOpLJOeFTP9IE7FtsP2Z9jySQMjOdapAYaKKZkCsWFsyHgsQKvqcF8agaX46oPl2k9unw5THMKC409KtdTDruM4aAotCpFEGd0OIwEdPciQ55gpaNLcVL4HXEUnILRbGF5aAvC7YzyPM59ee8Tzems5it0D', 27),
(28, '2018-02-10 10:20:03', 'KHJz9FppLOEfXo5bFzJJ2c6dWA2Q48f7euEEwJeYTonQiNi3yY8mSLL', 372137, 'Kpc9NYuMsHBmk0p5Vu0Oyq5Jc8cg93pSjW4GqfL43bhbL5T7sDQhV73euTgP6ONzbsDN6jOzj5UXId7goex6mH7lcZVX967pNr9d2FBJyb7ZmgVQV9kbaRNUvbvgN10n7oJaeeoidnHKKi95EEC9VgO6epsaTf67lUb8W4w1VB8xJCJMczbIz1RbZN6yvNO7qKjzGAiJ', 28),
(29, '2015-04-01 03:37:19', 'hbxbff8eDxIuC9iJ88FHwAG9dTFbQS0oN738ZeSQPu43BzxHbZKUFgh', 292744, 'Ux8LZgNv7egFFktepz2BGN7ng891HgjqZWnmfG0shJ5hSrB1pqoQofbH0UpbgVnb50pt6H8i8Je6RaVy7IMa1SC34gvLbZLLfemcBR4hrGReBezZ90eYJMjmxvyaVxGj7Sbxy3wpNotuAh2arVLl5xCS49oPceM4AshtDBlGDyLfdzlP3Yt9lfnKPI2yOhMscyuSAIWp', 29),
(30, '2023-05-25 02:32:06', 'lgzFYZWEvMSeFWd4Jx1gldDoETPvBDPf7hitTwZzKI6PgPNnocf6NBe', 112067, 'dKBFJkCr6whhxulWYCVdgxIzGlGjhTR6CaPIvUpkGOTtrpz40JiLpBmpCL8hecJnfkfXeclDXvXReYHbwLsYuGQAyjGkVHFnFpOHJcZYhex4oULnDhvSuv2YUej5VBrPptMyKARUwU0QSWWdYdgxWx3Txzwp2eCgwiO4IWcDQbgZ4mG7IGg2e43202BUNmbSSTduIbUB', 30),
(31, '2010-02-19 10:31:54', 'QdZKtzgw7JC2pVEPVHzo9OGkIVzrvf2BW8lWd0lYFpUJRkEwWEq2o25', 71559, 'XyCXAzAcRBfruswegbjU37ThRCUry9XeCi9oyNYPp21QFXCoSLWNTlJZfeG7fTnRnBoLsHqSCToAFCc3ApZmnJKbZkJUHbtWOkmDt06KfDKA6ITcBM603Aod1MwI7VLljSwfaZKJtOGj9KfQQrS5e3cN6IMgExMJ2iaoWxCmBwHp4Eerqf1QDQHqzijRMnF5C6rbt14d', 31),
(32, '2021-11-28 15:52:41', 'wxT2ofzi55GlbtyxOuZYrLn7WC7zlYlXXZ4COrnrxg9G0FA9CGO4QfA', 316352, 'JWflhA7hTtOBzvjhGrkLLgGQC7wfJrG2ZT31LBKxicwG18KRgrxi4yZnPPikNbXmnWmg2rVEhwmstAZExf8c3h7k4Pm6djkGFJdeVnZzVsBHLq3Pzexsd4tFZCmmFZl8Mfnjh5sJFJGKgzYOWWG8w1nKaXESBwt6GC5qCTr4vnmTyijjoYQsSnMV1cJJ0aITaKDd4sLC', 32),
(33, '2021-11-14 04:12:08', 'PUW2yeomgAnd0jykKhDVeT3neFp5NNDGaDFhGQVVvgwZgknU4l2GJ1n', 468401, 'bsYsztZT6hDweQd3Mrk8hdG4cUBmU66iaKFY2ngCGdc9g00nH94bRoY7ldQerx89keWTLEAjLh2DBHXmeXeVCfRvvIxYXBUSecYCdgcD8VPtwU6dGnATTn7EMliCRmLJNjjisUJ75bXqQi8aLTStBA91eTz18ZvWJFfNvXvveCY2QRyonH17TcIMjrDYfR8gpAgKCvpx', 33),
(34, '2019-12-28 11:14:58', 'mHlNfLO1ixCr7TnDTWQND2MPuol2cDZxNIjcG03UDH718zMtHleLPB5', 387014, '4Vd0jVZeYOdytK6dc6J64UQ4c2u0jNiLNzhuXDursddtWX97oAtT190jFiXqli5KqRl4mMGZLcNa1giE3xMieOUN98pypDFJhSDEvEUc4THZvZsiATxyWXqb7Y5ogRuHWE3ideSyctnKH5bjPHyWQRwKmmGXJp6mjACrgJEfA8VntfUC6VYYdX1FRs50X5pwxAlH2uDF', 34),
(35, '2010-10-16 06:20:16', '5JaHSEbxRhJLI6ZxOOIETizt4NJMRSVLBjJIRyiSe1fP1Z86UQ1yJR7', 219550, 'TrME5Pf8L8JixQfZp0kbCj2fON1BahBulwykmdXPVhE3PZIDucJTqgUtzr0sYeho6Z6Bc5xLdVFff9PzExQ8YsEFbEu4no119a60cHlzp70VayO0bAokNjQOV1jXK2iyeOgFCZW6LbSa2tpn04dmAQnZJselhOoxYB0LSJxCorZwRzVmM6hPZ5xOlG5T4vY7wfC02dVr', 35),
(36, '2012-01-10 09:57:18', '00IUW2YlqZYdOmkLNdH3ScAvxfttl0I87eXu8k7BWxQXHimQ2KdnTFA', 226130, '0Wh1Jp90QZfuOzMmgFgfMmoO3d0bWfp2d94mCF2qxZGrD1BC70GNifMNrT8pziduumRO5kkbN0rwg7KBbxdgZbU7xq4tHN1P5V6akxHXQoAsxZrtI7OBE7VSSTbOp0UA8c1KAuaoqGQubmJY9KkK8zK7AoHRV2rZUAtVhgtYgkV7rk1qKDPeQKBJR3KWmJSxY0ab2y0c', 36),
(37, '2017-12-10 04:37:23', 'eMQZxbHSmNJK8kDoWWwXRhj0KZxVNxDDgmoFmvjLCALLqQcSuLGEaQH', 481136, 'nZOXnvFzJFnW58BkxkURVXK47fkBr8nQfrbNhMhR5WBkmGWwJfQz5zlPPTZIKDHKcX0OgyDlCDV9WjR1Iy2MryUpFM7NwZG2O0IPPHQVbpw2el3pCi9WL5cnCKJT00yn7dvfaBlAhhvCCcLeSRKOauqSYfNE86ek1J5AzYPA69yoKalk9pBipjNMxcH5yhBlCKL3hLo4', 37),
(38, '2010-10-13 03:17:25', '5CI73nFT554R5sNXRTMZ7Nl9PsCyBGgfRwQuUJCLbspHQ37y7Rns83d', 371552, 'aIsKkRSyZZ9JbcCHRA7OhetVvO0udxhYSiTLb1kKZ0r04xWeOfb75PK6ZWZWaiVm2l13J0paawyqw2b81Vf7VjcDXXwFbOu1fF8S5dVX0AhJadJg4beECYQSJyfvEk8LC7Lr3ICY9IHVCTm4NPKAtpyHyqJH7jTPCVGcRcmvZGE4R5PzLliya8bXIE2N94aay2SqMJmu', 38),
(39, '2021-05-17 09:35:37', 'k403aT5WBeyD3tUNkZwepoFZminB8yLCXywOO9wp9EYUDPwdzZJNlH7', 469114, 'ybQ1q3XMTwqF6F9lnHekPvVXwJMjo7aP01axs48FrMAQirhtZikemXpCF3FgryiVVaOFpM2sIY3DuEzEmcJFX6ndLXrzycY2op5HcbDNp1WNdmSADB4Opc8Zxu4SeD4qAAZFJrlKZ5afkZAiEqvxhKNLqgUrhvtm7pNcNN1VZuztCdyXuVNxSGIzxNYnX3mnMxh4MhV1', 39),
(40, '2024-11-19 09:22:46', 'VeJNr67Mh5U0hXp9yO8fHLhO54LMAV82tVeSDK6b6aFRdqXy2VDkb2p', 122088, '75SwvuMM6bHL3W6nSgjrFQuOhWUoSXa1pUVI2JqMO3UCiL4fZZS4S8ErKEPYZh3jBQfjAxvI0XdM5spVbzP2EfirQo7y4Rwq9uASpVeloJE5e1vcY36kSBefsyTV06OjkwNLrXqGUnN5bmMY3eZAULY8Qfj1CIvs4eUsojvBN0QoxjEGl4cVgOPZXP4MxzDL2fA6ReuT', 40),
(41, '2023-04-08 09:47:28', '4uKrbdPHqZLqP5UZpjNYxFvRiHyHKIlIavenENuUj5ecUTqVKVoKKZq', 424027, '82IToI7ixCPebqUby3y1kS7Obd7ydb8BFopLFaqa76pREM4dANWQkzOp532LLJEWEOZwBIWXNX3onpKOidxQEraPa9PLiePy1SN0wIb208DM5kBQtnmsVyRXxJVC2LzsIExUbUcaB5ZGnNUz79c42hcDBzCnwZ9pJUE0xryYLMqaYLtjzgE3s40lltTlRynl5t6SJdCQ', 41),
(42, '2013-01-15 01:42:40', '0CozGdyQVG7PedODXNGWiEepPbZWdyspLKujFefyAXQzwrxqO9376WH', 399702, 'i9koDbxhXRDUtp73rSVLyo2hntHd5vszC7AG30viktcend6iB9QoA673GCBTUTlmjORvp190hwkEMX4Jwjb5fDyGAG91ybOQH05ZLL3KAZHNV2rtI1hu1qGgZLvi1IBFiT7Wce8kpQ5F6kuHZQs74dZatZ99aUT1XBpB5URn36EkvAjyboIlaELE4gnCf8KV7Ds45sLE', 42),
(43, '2027-08-22 01:03:56', 'ZypszKiwLrbTzkHYrOI4vtnrSp3scDmVAOpF14NUaYJPmZEUlwXu6JM', 349748, 'L7aJRzTIFGSl5BhxAydXkXF3liHqq2Z0CA43eDCkEBKgGcYjPktHqyEy1gissnbMrcj5HnS7v2SjMjwIJhbGJRJN5FB7fU2bj7zn3dclRwWxgflSuajKMVDZSWABlVbb909OuJOqFzyW5WrZetNEvsPO3ZVhda95U5ypfWhkL2EWgqe6okh2IXpQlvUVxrNo03C9hC3H', 43),
(44, '2013-05-11 14:52:51', 'o2rN5Z223Gw7PhDuBMxdpafnoeYmqZqgexmsEHZYzUutGFuA8JF8yZN', 152618, 'XDiaAPLeaQdc4Up3wYoUpwhjuXogTsrEkYVAj9XkJQT0mSGneMLZv2ikg9qnkoKriY2f9pUxBELYcq6cRACHgSTrzudjTu9eGlSOZkoz1YYrrKI0CNWklCLQEKqOLudREqS1YsCqWNPI3m9pmnhFYZ2DaBJO4ZoH4HmB2QbULpNYwDWbLAmhNY3pxObWixw6jINwA8xV', 44),
(45, '2013-07-18 04:53:42', 'LeRWprD3xG4gO6NnzFvY3RyozkbMNQUAeKdT6Er1t2JcOriDvJfHbgz', 459711, 'pngEQ0qhv4BDc3ruX4oAIWaICYbEuNi8UjoTiml2MlqTpek1buth1ywTNXC1ZlwiVDt3OXMuTvygpGdixjm9eBGgxVGKktdkzI8lvrnEi8OG9QnH4eDz9wEU7MG3RCKjROqhI1wG6ibfw9ggr9PFpnkCEnoiktwfxozvjG8Dr73bUih7qjLSwF4nondeNOgNv6rIKv6l', 45),
(46, '2010-01-22 04:22:42', 'uJsfFq1BhdsstLH6me0caqpY1Zx5mjSkrM2e57ZgXfpRN8Y9nA8gV5R', 83598, 'dToq36Y8LHAhSmApETF5AYL2AxRmkwOw4yBmTsnaGrGF81qB9TbCzVDEIvqFowXZ2OmekYWWpozTSF4JHPmRUM6ju6ehCiwUTqMtOMal7EXKguwC1g8ZJGEqRDtn4yTH2e9l2K54yBTQyvCAKbpfkWKNmgcKcxqIuQSBuKJqlDkIwy1fAtdcIygfTw9WsucBUKfidAQ9', 46),
(47, '2015-02-10 22:53:31', 'wCbyo6KtTNA6tws7Lx81liylSSCAcdLJ49sRULrwktrGKizqSSyeAC6', 150945, 'N0fV4KQ0C0CtDanAFMR10raucVrKorI1DfDepW1ac1ETgGm2pyYyvEWgZv2icFLVrLpiWIUtU1Z9nHNWtyf0SUF9IhF4dT7XpslUaDfgeoe4pX2RhgznkVCXFpayDZQA3BU4f35pT8Wn0LUupxX6eTwTqNPunqcEYdAnC7vokJUl9Yh3VpJQCTgkPAORnLCmgRPWLrrr', 47),
(48, '2010-05-05 16:21:19', '8KURqWZ7hLBF7ZXCseAZHsFrJLro8cPT6MlEp7lQvFEUQKZvTp8hs7M', 170553, 'FnIfov9E6sIuyTWv2tnCnub9v5USdsk99U9CyGmAGAYhBo79SMo8TKnULJtsaqlNHIudUT7wHn6nW37G8U9RDmqzro0pW3jZYKZ24dp9P20pN97SLmuFqUJfc4wpcSaODgOMdEMfpABLvAmrridtJetEA4a9rAg6bmmrvvyHZPapS8tbSE74zqEjxJLjnNxoeEtJY465', 48),
(49, '2023-06-26 08:18:53', 'DDwCL9qmClHvhD4lkPdMbwLNOjCXICJdXKftWJXnhKl278lVAUVf2Hc', 175020, '2jxm7SeAboYXhKPb10oQKSQQ7rXyqolPrO1xVvqPqlbSkOy0F4nCcMGkThoP5pTxDIpSTbFGJZji07ps3gtwAjweHQexGbTARnObifhnyh2DmhtV15WY6hweWKKC7S9sFiRNtOJX9F7dqt1jhI5KE5Eu0uFXUfpghK7EQgmnv8Y0kTymSleyWynKegW9JvDeaa5fwxTB', 49),
(50, '2019-06-02 06:23:06', 'gNJh5cFtA1KshxjtJnd954aJXS0fRdSEZgnQXzDrqTdiQM88Oj13yZL', 325564, 'xAJnljbgiFTAJTWUjwSla12LT2QsmYPAVBcWpaFG27AK38y4MgTBGjL6H8TtTt3JzSoI09pJrLtd1sRVDWfGFO3w0gPrGVxID0UkTqEM1KU40rEZq7q6NxElY2RTu8CVXkaBXqBWSTO5396Ib0AJp15PvtMbYuc3H9gPRDCA5Uo3jJsZ6J2473pgoKPnek7h0Vy4cq1Y', 50),
(51, '2024-07-03 00:12:20', 'MBqmAwfP2i5NT9kHyYfVWGDNUx7PSdG7qUUmemnsFrpSZklcFtkZe18', 89914, '8cRNyP7Yc8g8p7mLvxQpbuxuMeJi3qcyWOoBUZ3zuR0bDnxHHYorlSoOohAUFZevfslaTl0V3a5J4WqjrBbfCvMDkZXxZjtUwE5VBWxfhSxLXeUR1bmE89tufhz4OD6UqkWzaUhVN57t7BqFFF676pWxVL0dg3ReWcexHe1g3R0DC9wd1uyIH9XBOjdPeDyTncXeh28l', 51),
(52, '2014-01-31 09:03:39', 'zSuVYWmwFIWXEcihBlB0cgZjmR68wN4r5sM5zH1IbCOeF9ZEUajmYNM', 184971, '3KtGanA2OpbWPns3u3YaS5dm11oVnSTsf3CoYuryBVQaiDyrrp2ezwA7rGOj8oP6Vt0WkEf9LkY6pDEyC7o7Zy2t3E7RgIzXGUFyNcGnJ3SPXDSnCahBARgg0GcfGOdDuB0V8Plj0AyfgnW0wTOFlyWzxi7GAkg5aPeWN7pwz7KAdAANumtxAXc5oBhZSeiQd3FQJ9my', 52),
(53, '2021-08-11 10:15:37', 'oWWwiuVY0t4CxirMZPeUZ3gk5tDu94JhHyRRov1hJKZu8DdkSaZY85O', 386576, '0v1yqkZ5kX58RZhoY6LOevl2QdcifvjMkhb34D1iudKkHeS23vACt9QEJ8hMI0ayxsYt7otUEneAlBuwKkouvhckRXt5goa3DVxZFj4PBp7GfPcIOvCiMpDQQxck5yyaNk7QNVqlpZtFkWFB4kqum2rXRgIRGTUM0g25SM53Ea2w68q4sbqUIDyV2j8rMYfVEgODdKtr', 53),
(54, '2021-12-11 18:40:11', '94bT0Ojpn9ExshDtONqp5gsZtmair9pVWmV7Ho08y0sFcbV5H9cbFAQ', 259230, 'MCkOxB7nTtaFMFmjXs0Eym6RRebsgOPWW2uEEmKx3EvtBQtBX3DXJLojFT6SkPHEdEtTUhfviDLt0NPBvZUnL2MKOL9up1Mo7qP7hZr0XSyGA5s1D5hL4d3l1iFJhuFr0hvK8SdVseP2DFKScHrtUBtdwoF8UhSnMHPcJi3ubLcaOBhwYwraCWXzxRXUMfBKLmq50rI3', 54),
(55, '2014-02-06 21:16:07', 'iTPvGTjhz2kzuap2Lji6KROmUm5royLGFOQeBlN35dUTB0LZCQroYV7', 171921, 'EnaeX23BqeufKK0jVoAq75keagpYGhruR9ZXLtfDkTmhFpP1ZHStUQTJD6D1Ne5JxAOKvcYmJ6GnSDYvRx88O7ZBpQUOqo0FXduFbEG6sqkXKp0AhSkZf64zlNefIK5eGAPzTTTMrCQhWB19ZUrYEakbi4eOklyiuGQJaArO8YrdpWdjVeFxchaqayQYyFlGOrwQurjZ', 55),
(56, '2021-06-09 10:24:40', 'sGvMb52FfAFNpktmtSZ2wlO8jMyo4qKAHu7TCE73NgkNmjkJ77pVCh3', 101891, '2xmOGNKz0FG5najpUgpQABWAmor6Bz8j00bOctw9VvXhdpggY9Ag2nG0bmmcgNyAHgEx9VNktp4Pnzg6IKiBybrMtkwzHUdH6WZ7kshCwZwMs0NmGpUVowMpy1DZiXdYLxSQZjWZngOYpee3WKtbAIcJKuIspHeY6YB5h7NgT5rIiy9TXJDYoBXDVIGoantgCzcRdiVZ', 56),
(57, '2027-01-28 04:08:05', 'bTlWuyUfEFu4A8kY1jGpLLGsWs0zynbb3SlBhu3lSOb6FhRf87iXGd4', 166441, 'N3AC8fraoTBrWj1HpfW7tJnybV00FDVaYVxot1mxgBSwgjJZFbrlG6gDPLknp0Vk7lTAvNXy2jas11R2LbuoWuTbzuYiQ9Ipqsy5PIo2E2sgfyMY3sbNFqONR2LAyyi3bvCJDWmCx2kdBw5AiAoih4j9elnX7nDPUzFuwDVgFYaNGuLe7KcyK9VgLCobtPFJyVIMrKOe', 57),
(58, '2022-01-13 02:27:08', 'dW2taJaxKPEUdijtY3x0TQYvm8ww67IDhNCzK5BjzR9jQxsIleGwTmz', 145752, '7HGbWn0MGBxQfujc1NABRzeyQnLb1Wt4Xz1CykNLbwcP9cn05n4Flx5HmSLsbZVtR32q2goRAzkfXPzxAUgOcnTk4uZgZetCbs7Gj67Y9mFwNauXcXrH2HRnkSvIHH2fFiEoStODWIOzigXe9CDBxmJUbTfQKzR1tjqoWFEtInut2bFD5RIED0scYtN9N82h1XF9zsI4', 58),
(59, '2027-06-13 07:52:09', '2Zb9OcV3qNx31NPm2FgKuM2fVGNMJOGt7ik9RNuum91ojMHmdfB2xsY', 351665, 'h6oIOItbGD5SnQUoUvhuVO5I8ltoMN6PJ5cVjmgeQZhfRy8MLXhCKoTSBfJnYFP3HpJsy9FrPCe6rZ1Jmhczp4EflJUDd3GLKnYlpQYMRzxHKXlloAA0mZNNloHooBOV6SwDBPdVJPhzH6VNisZc2PjuaLABJthQlbL1lijYgorW2XGoS3G6lwcqtBm0PcMZsROpudl9', 59),
(60, '2012-09-06 00:55:13', 'iM2DEVsPmloz8fIk5tJEcRokIa3zSGwkzOIgJjv3t6xGmZrPVBEa22w', 166631, 'iR4oc37fyE9uXlaV7PUgeh8ttoeQCWr7c281pHb08SSha61tkscmhPvBSL5xYqcbXBSfmjq0ydhMObTwwuqT4EZMG7jeLobRz0KYoWGBClyEsjw12JAnAJhSlFYp9MpKBQXYQ4HaopRSQVehLrmCnxQpS1xi7bBz6oDbMXk7Bj9V1PCQl1dSkmgN9rGYGicNncVlSCVx', 60),
(61, '2011-12-28 14:00:03', 'y5yCzh7G7tPUIzceRL1dHwrZ4a7igqL6mcZE2DijlWQ4MAdck0g4xh6', 68352, 'NZIZjYjRhTspaYmOnR2vfxM36f7qJQIEfW0d4JAMw9W3SxCMNSRfpLgaMPcEa3HRKnJDhITdRp8gaSkIcvc18nZUzZRpq6v21Ftpn8oF8yO9MA94oTlpbQSgOzOH1nxU4FoVi5eeGX2KYZHzaWBWVFblwMbyugOUA4EGVoVtyHjEYHIysYrema9zoDiVdqtjIhJeVAev', 61),
(62, '2010-06-06 06:32:13', 'gXMoEnGVztsk4PcRG9PIX9508ncr46cU2vSQ13R0kYuYzjkFiMpBCZ0', 290384, 'cWqaKYa2RXsI7LaMsYh8PgBZDXJsRbRc4vyeM0qM71Hb0bIWwcTo12S5URWxOsl0GPNLW591sVAXYkimOx5yHnkCd2K5e27PQRUlN690cb5g14htsuibwwscoLseuEXzYvHGP6YSxFWqrELiVbMtUfcdj17COfGYDGHGxaewVQnraBvj9KIT1nf2SnhX9VES97ml6Eu5', 62),
(63, '2027-02-14 09:23:03', '2vDhGXCDWwhakPxJ3Gw9MVrcZJm5ZNWaPbAhk9RlTA5MaMArRlB0nY1', 289690, 'DkI6uHoJZGKJOQj3zKqMZfBMJ4nyLgw0jddA0U1LVwxUB0cABIBdspHii6xzd073TUjvxiCeTe0nrrKScnwDeTH4V5b4hBrey3ArRrNcFgJOye00veX0E4Y9MpZ1HI7SwWyyqdBuZT77K3F1ElJCn1Z4eBelRVV6j0bcqCKRdmau6bzSkixf84p564Tp8adD7BXTcnLC', 63),
(64, '2017-11-25 19:33:00', 'ap7DLMAsiz8pLgfvseTDJXx5Df06XvEHUoeR6QdwZufHCsH6HZT6ig1', 73843, '2C9qVDVwv0VhBOzcBhnY1p2VY4z7cHjyxbZ4QxaVZtWMXk43j05B2dLMJoSbOXUnRhujy5MNGS9ISq8x95XlMh5UPMulf9GBYt400UEoor4keD4dqebT9satlaUmKksHL7tjvI7p1t7enU0MSQ5AhxBqSKOaAcdD9xZgTUrihwcQu6GRkIU4prjY6DRk4goYP3f05T27', 64),
(65, '2020-02-22 08:28:45', 'Vu5VE602HjXRNAkQDGoAHDB1bQWQPWVSOyCLI5g7qwRpfNm4tl3bscn', 183006, 'sE4ykjmuOFDZ8ZIIkqUVwWVNnbhod3kvKucDArXGJgaaJN6Udu1BISgWtrLIC8RVeSON6EI2TOLP54DZfNKtBim2OFUSgPDLOF618sXYl8s4GQbznvmzxiT5pW90u0WDKAAz7MbwzwHD0sv7ofovmOXqvALmtgovmotGPl1bUz9BaQF7kBMOLka5mUD7AyDSIWaL8psD', 65),
(66, '2021-09-06 05:25:46', 'PWQf5OCrUZkBOyd5h4afvq2Ez484TJk7JnqQDiCwvW7svZ7KLxfux5B', 304389, 'dLqAPHXLym2kHN192ntZsKSa7ytgn0KNmHw22Bgn8w3JhWC75g1JLm0T2PDbY1i8bo8Ab9G0HGa6QJ3kvvkH8BC9Qd9m7FPHN5r3XBg6ZBCFL4DtWcqmQbAal8u89e2C0TsUbAMtPnr796yWZPPfYm0w5RRZRh75IAO1LsRWP6WmtCboJXitPXnNd6ZKsxcsqwz9s7Kq', 66),
(67, '2027-05-27 20:15:27', 'QNC2zmP38NpuWBXPTHobdo57Nc6MN2vWHK7P3gUFiitdGEmqj5X0Oy8', 320366, 'RFpXqCqGbSnMDHWxwi345b0IzPmRe5ITLW8y06Zf2mCxbanbjjEp4DpzOgiaZYmfJTArJi6zIXCTZCrZmLs40dYIqIjTY9FdAgoHa5SAnOhhBVaMzJxOprpq41AB8maIRiT2Yj8r2sRl61HUrXePM1yT17Ni5QCAyYPcCixQKGV7ZDuCupUlIL6auAAbVavmpQxhmoSJ', 67),
(68, '2020-05-17 05:05:05', 'f03yMKxP6a2nbyrChW4tUtRIPMaGXKB4F153GMOLngqPYKGx7QmNTWv', 397747, 'juiAur2vY8hk3x5UItFxCCuFGmJGiyktGJUVoOa6o50ang4JVRFkQ7tgAd3IivMkXydtdjq3TJJHLUbjr9vQtAcIayVKURY2sQCyCKqvlLQGxlUqBUai951XVVTpNgjBvRZ5RmghTAphtWVydpIA002wYpdr1BhFmPVgMZYYx3O9QTn89eLiXjK5YmhmJzqScj5eBzmD', 68),
(69, '2015-01-05 16:11:56', 'l3fFCerWz9rCEZHj2vP8N5hqYJ7K2IRnWOTeGbkoHTdd22alrCLfdOt', 352990, 'Wzr3hhersEq0FmdaLl04cEyfsVdz6vJIeoIRurHjzwvxMjgEjvU2XyNRALKLEpu64hVbeLpeeRFqTATIzYPKbRuqb1Qjh5fJBy3oOEkXFzYGtg892BVpZjemxpAm5G6iv5peHp4uy2Fl3o642QqgjzubTR1jE7c92zUy1e2NGl1ge2tIsFuoZa86KNKzyUq1aGsDUIDY', 69),
(70, '2016-11-03 11:23:57', '8N6ahs18Nxjc1XnnTDYw5AGYKpykCWR5BA87QtSFdrnngQM6fZEUEmC', 483012, 'HiQ13Q50fna1ZqXjuTSNWd13d2FnR60Y7A0sdaLMvxH20UgyCfjvTzlnqXYBLRjiwB4YzoGUHGbjV9DIVQlwXFFIZMBFCKAdNiFyaI9XYOoNXBSrTPq5qxLr6v8nnAS7F7Vx3OsMROXIb1uX4UwwdFxZXY2oJVuX6qIZqeyFgdocaDQEBltSOfdAK6ZfVDD5d9MutVrZ', 70),
(71, '2019-04-25 15:15:00', 'aV9THynimbJaMHOtFTtdZt8a1gVp3TwiPdjy6GXhZfTC0vhlG7UM6wk', 365476, 'Xjckc8oSplKthax85ME4Z5jF8ti59jld22bXnxEb0AXPkyEqKVRuspRb9XmtZsSF9r0p8ZVHHmEYiUeKo2vnR1vNk9XQLVBIrRQ37ZrvAJmFl33p2bEh7oxI6nE9BF6wk6qQEkMPKAnIOpmrGsXtQeKCeH7UUst4M0epMmlROzX7Bp4QBW2SrNgGvnw6n24bQt5XK6fe', 71),
(72, '2012-03-06 02:29:25', 'HNBzNrT70aN9UY3i0ooW45qRuhFE1YLlsF8hl7t6i7l0g5DwD6ncbIg', 137079, 'huEplPGbOlRPaV624sx7UzvyeTA5usKjiwA12DUT1Jl5nxVr9vhtVj1r8QLSOKrgasqnVFA1XdFKO0Kq7T59KbO84T3l1CFqcEe5HsW4uqV1drcHFfU5PrV9drsBMY9VYZrJWPjP6BOdFWfN0vgWrKbvtfbZ9UsWrAdEATv06F8Nc13HMfLb2nnN86a1xJPmT2wF3aNh', 72),
(73, '2027-11-15 15:24:36', 'LNS1lUMdJReDXPFD24DwzW4kEyNvSobMOACunjPc7vcBYtroVJoFmmw', 422985, 'SrwxHaKfzSzXNUZTpkzD32MVGjaJ9WjlNMc6xcVhk7MG4UbAtVZCxt5Zfaqi9BfdtOJA2dfMPRc5qGbwIaan6gxeQCaWvxhjcsWqLaHP0NxfQAtZ94ajl2gMapt0DJbbu3d7tvkrTKxtsRNQTBW1X88kMKPfrRMqvVvXgvpOTsQaExdIbcgCwkEw43vjfF9B8G7Xg0th', 73),
(74, '2016-02-17 03:31:38', 'shfYqHDOuK4LR8cnAGtOsOb7zGlls8roCaEXXW2YBvQyMvFiYGhOZT5', 264253, 'FhijfcfwcPI14FPnNUM78nvDADNmbcOtekR0xT2iPeV6nOnS14AEG7fcweicP3VABZWTyYz4cosdRyawZ4ugcKngFyESuZTVJV5O1TecEFlcPBK7DwCVIyh0v0O9UgKCVWU63M4FZScWiLQDnGO8X7MVxEcBFeHh5jH2rOE11750VLRkjLVORLpXJ8Iyu3A5L4b9EYVZ', 74),
(75, '2010-07-18 08:06:24', 'CW9mw1b4J3Qt3ussFQG77ApbuSgLz6M3EPUx9gB2bFvRorGTpmUvRJc', 65615, 'ri2eVQEMqWpnZ5tiPNf1OXxCMMgMlam4xSGaoghLAjkRCc4t3vgDnlxTvzSIu2lPtu0HzS4sqU0pwfAtSwT04jRLewpzNYaI7UiSmx4k1xWTuIhQyj08iuVJdomDnFeR4rrb6sHf1t9GN7aWOZAoickN9Yz7K17vTFZDbFTGcVGzvO6fNQyNFzscHech3JUAvNxIiX5I', 75),
(76, '2011-09-17 20:11:12', 'VubucTt4DtqdW756nvNSAGDiby60VpHLnfGXDrFjaa6CgUvlb8fUq3M', 155045, 'q2TnW3jXmfz10i36pn2kJBCHCVYWKxeuS2qKXcMg0jZBe4u3EioDAmEp0MkBeMNyAFi82sjNaVtklBmIkeRlIbtqxAUK1LCoWlAYVwBW9bmp2eDzkba94lpjW2K1YYVPTFOAAOxxd5mryExT7fkZuCuu5aBcmJ8kFWVxQCyVomf997uSF132y5fQVdEkMULT7Blbs9D4', 76),
(77, '2022-06-29 05:44:07', 'huv7ptXvQFwK1Fcw8NIUbMB7VTkFx9LjKXtksH5d7aD1ObjnhR6dGaq', 202141, 'sxlWJR7Q3NAeW2D0SpWAIJt4t7igCsdtrY15fiUqdw8BbFRoNFKaDpMjErnMsaOKuQw7BIUtVqhWLrcnp3T6hCpCMS0y5I7CixRLSTnEvaFWH0XWO9gzGRnrkuvtRgyMtexXaRUWQPLG7S5V4ek6mI6QKjkih4wOm2nmCA56oJi1FguSzZzx62klihN1rwyWc7eEpST3', 77),
(78, '2019-12-28 14:16:27', 'jELoyRtIE9SuRBEfxEP1VMYICpngG5PTkIBdViCZDqRdotwnOyGdXZH', 218981, 'qCmIoMBJt9KJ9kJOCzyo45dS39SSyv5KAoxT63v0oHtojnnno2bilccviTPp4tV8E9IVx0RIE79xLztQWpn5TWjhMCunnG65vvkjeSzylSendojtk9SPGZorakJvGof8BEBaOJvEzyUB25EhcACoxryVG2I4IDs7xflYnJfbOOZRFnzeflTFl1LUPpTVA15vGXNWUp3S', 78),
(79, '2019-01-09 13:24:32', 'RgQdDoYhumV6URI70JaXTnLsZcK0rAkAbmCtZzSWcXBeBRBCg6cVKCO', 340094, 'VhEkdhzuBVesPZiA1E45mqqHbITvhPzZXYX1vr24iQcqxTxGXbdGHTBo06JVODMwfFU0CrPKL9XVOAUIUMYGvtREXsAyihqeEpKr87EqMT4H6pa0mABBpGAwxQdUqbloT2Ri0mJXIr3cyKIrRKMhfoz8pX4sdtAvrPyDY1991n27Mi7mHvCfODIoCT3dsa3ZrIujWETZ', 79),
(80, '2013-03-30 04:40:51', 'w1vGZRksqegoGJBF8gRaudPDxYQDcmUBXQ2LhwDazLsNmGdNDObo5QH', 184805, 'lsSBBhPEJeQzQzhLc1kivCbr5D9OLpGHIjjzdCYS5oDIzn6NqPLEpjhjQlG8hB2eXJqqQssacSnG9T1RHwh5dCbjCAi25au4vjuq6P67hvmX6aj7ty1vd7AVrHoQJzfBhtVZjLV20jYsZDnmalIHj9ayiY8zkqyrPk0NEKYhd844jR5odC0iqXciSh1KNfRKvqczNahQ', 80),
(81, '2013-10-10 13:38:34', 'EgPQcUVizPA2IS4hSNU7ruI2zGaDekVFt1dwSks3KsUgqkr5g979Qq3', 192494, 'XWbV3SDP34IQyHPsebx8amMOZfhfmVzC8JY5IX91pFmvbaGYuOfy343vKN6XvimiFGSosUjHb5TV9bw9YIuY0BIEQmu5bmGHdEqVHbpapXW8liwta68mxOrE7OYFjoqzyM25vb16dUtcoJcs0BfeneTOWmY3Dj1ArgJZq088FBIdfOZxvpPhJLMU2niJD734dsvHADCA', 81),
(82, '2010-11-20 12:24:35', 'VztIMkIYUT1fUzgCRz5HIOAwdRxrmOemwk9D3a6czejJ0PxKh9sNkSc', 99291, 'z7p4xavFyOtt0dJ12dRoo05NemKnfRBeH2N6uBpYtdVmgDUE01UHAyb8BcaKQIjhMPm8PNG1y34LfTqbSGxo64dSaP4SlfHk3xZRaWymudTH3Qcrw81KV5lSvThASyPTvURs4YA6RK4clVZJwNgmn7P8MGfHyyU6O9Wj9uwX852LAIqa4XNERmpxESfx23Hdz8Ol9zKC', 82),
(83, '2017-09-04 03:38:41', 'EE7DaFNakPolUifqO9eExZVC4EaENLoI87s9UcXwpq2jTnRaTdxboj4', 352153, 's5JVpINZlgnW0fWwlrZHgwtQwAuuXNdYDDQZSBHhdc8wA5kxGBz6KwJ6L2ioXcCXCPSxP7dkj1oDx6Q1a7nVXgNR3TNacdJAaktvmxiJiPWSIFJPmrOazqAfBB35tDHGsnmNNfOnYdxIJ5IyK8yuOtLtkNtl3naeHQkfc6CGclCV31WG3EuvPW19c3m9vntuDSB3UnVO', 83),
(84, '2026-11-12 16:17:37', 'rz0s1nsz2oPuYlCjTCUz1RRk0cvPsfzhFORnC4HI542ZDQftkw53Xcv', 239076, 'hQ1Z1cGXyspKTZhY5M47Z2hj7Bp6k6Kmc1FvCsQcxekVlVaLOg7LhyBotRczwJw2hCrbTvWM5bK4SL8lldrD89Fo0bCvQaqosrxin81dKuPGoGWhT0OTbs4i7Dk2tl6evfLkYZ7mmO3Nt9AtEecZMXM9xOlkY8ujyuUI5vJ32lqNzrz8C0xOJhSYTMxJyXOneUZ8o2yT', 84),
(85, '2016-03-12 12:31:35', 'q9KGZnhhLfaQc5zs79FfWDtfR0TKCe3kAqsTCruKzrc83IfsCFVWdBP', 332012, 'PoyjUXfql0QvNfqQP4polulJUkH6IhH8bFDX3L0cLvXD1uehZFGiWkBfDoOtPjhEsSUIbSWEENczXhSkFkgDail1DiUP6HMmOTUiaWGGsCeIHMIfVonpCdnKqcE28HH7A0lENtKtdaUXEdu1Zy3RdhkupK17RNHl5gHQlESme4LmJQFNsNcJOzddQ0YC2MbQStchVdPV', 85),
(86, '2019-06-26 06:47:33', 'V7lZEoPEu8XFCoAupPtRd5UZxi1O7Hn7C5HSP98N6WfUWWercfpRhgF', 239711, 'nLlgwBHnUaDHgrfqRgUGZ9DbDKvcbWZgzrpEYbb5P296TXKuA99BL8AnHKdlPpL8AhRzCaRzEY1hAHHpABcbWYU1rB7O8zqkrA5vFVsjsJ6wGcn9CxkOMtmlMZHAdD1OsR09LVkpS2tMciuOY7MKPcX7YUjpNrFoSrEzmnyqN55U9ZJop3mg1q9P42l1w4clxF4ud5lv', 86),
(87, '2012-08-25 11:56:18', 'hD88L5AUFjxlrz5uB73TdTg4eYKtR0XVsqs14mp13HgORTCoA1tMmo0', 148559, 'gEewuRCOLc2BGEzZRCZVxSmLVfsZHLtEzeU0I3HmFSCzaBh6CU5kPfaNbTaOinGAtyMmt9QX5xQfQwuU7wXxQIzUEHYzc2DbLBGmz5NCDhobP57piGQwQTuk91hllb5CtyTOpHfCjUtseXFIKsQWmRK1Rgn7Xlbmmmrals9bkOM6kBGlwYb2Kiacob7Jeio82GG1pphb', 87),
(88, '2023-02-16 18:45:22', 'EORPaBK9JjbDLPvKv07CkODe5O6H19JVxCXZKrscXpyToCqa3Xq22tx', 425881, 'KxUMFDHJaGQI1V9DHeo5atz2hfNeTQdEPiPXXgXUho3iwhjhXmvXE2Zb7bojzn0JmM3TGmqlGUXv0RFA6pHqfFAWIxZ52ye4yt5knQbv6KRtenlpVnmJfKohMgKSMvsS0c7GWfWqOWuVyQ1fMtjOLUYnEYYHFIiKb83BpeT0R65JZTs5opGdMeHfETB8HPkGxj40Xzzs', 88),
(89, '2017-07-15 16:56:14', 'ZOOvpdcaBF861X7WcVtBVyW0Z2hyzXDdh2GzFQSowJEsk78A2dPE953', 316893, '2XVx5okoBfZ9QHQMCFPLunQc3h6WI8dl8f7s5fsIiaqFh9tuMDB4qr0PG33XrOfDBxAvKhQhWGmT6L44yLJE7j5QoslBmVaU4nDt98kpwehjFhS589jgEbFb2tGc6P5BqSYSHK4zkeSdBWLHZqDnv4Pdil1Q2Ishig2wIAxyEu5jImafh8CPMSPvC5ufSo7cvu4fdY9Z', 89),
(90, '2025-10-28 05:32:01', '9pU5LVs3GdVQQHuNPRfawcyYr5CI8nX7tOwWkyU76DWSZnOWowJktIO', 284649, '16NQTj4cGYhBUYmb7idtGf8EqqeMdwNlAQenkDnXI3MBGMBQJrmLofZV7JjnEs8TK5BE39044GkMT77eoODwKC6e0Jpbd9Sa431KK7XJ1rQi5NCALF9zoMJH9hOtTYb4yKRaGwTq134cwYjmGpPXAcvsutLntn0cQVtu5m4ZvS8vSqVl7lnoJD4VYjqWlq7ODbLaoyre', 90),
(91, '2023-08-26 19:36:42', 'e9ZDXkpI9LTNbYVW6hxFUtr0f46I3I3TbL1YJn9BAzO1I89QcUiNCgX', 387737, 'SjhdnhO1SAvPh7MTiwEff0sh4qpjkpQ4yGGkFfXdkXjIMusfIPpQc1Pb1Ai61pRmt1ba0mNCYl4IQjUK7JbUAAc61osF6bl5G7YVTSpfBn107HLRpY8rO6msYejL3IF799BTK91pe5SWJl9udbZic4rJVp6ytel3h417F2GqhTNSnPjwfyrctheFS17fCC69UZzOuBpl', 91),
(92, '2016-02-17 16:01:08', 'qYgFFJT4wJKAZvpN4lneXN8NZVCdJGHAfWZ3V2Z3tBMKPzz9WbqtFgv', 258151, 'aTquHzuqCJeDWv2CLuvWAx8jfDHraX59k6dCMov4QgIFVwmkjohUuZbmVGPErDPpOecZS0zh81Fdp2OtahIvzkOLe0qGZrNNRd00TNRtyAV3T87c1foJ4dzoQR5bJtIRo2MLBXZNPY7zPU1g3OO3DDSxnMkCR0kE2DPbvvbdGa4ggAZ5ZYi5fOOkjZiywX5Zx36LFZvI', 92),
(93, '2024-02-19 17:46:36', 'JwRmxpm3Spjnzo2WNmqsfesnDNz9naIublbxI5AHvCHITTVahZ4JDEG', 344795, 'Dnjj0mP2hzLNNFNRmj7dXkTu2ZcOf8qWewteWaRIwPleIHNcLnhdHnRdUyrbKBXiIysaVt5LSzqI8zluL9D1aMP1fPJhtz7v1CVTYxGbrWLR6IffM6PL7fH6i14GjXbc15Q6dSWY2lJEB84XuoUxkwxW4Zuh2A1U5saB2iC4k1SWVD4k7hW5Dn2EH3BDhzf2tzJTh2eL', 93),
(94, '2021-01-23 09:12:42', 'ebB1eKjVo6QRzV38h8WuVamf4lCECKTnaJkq2JjXPKNxj1dL8gnnDcX', 76019, 'yf72HfSdmn0qvNFXY9fLMy6CI0Ffhpk7vg1XMqPt1uK6BwavbPOD6L09i5tQax67C24OVrLstwUcoABWaTERagBkq1yR69SDyN3I1LZtEgTK0YVi4XzGsogf1Uie34vudQoaG2eP4VN3N0tRfQXiJMVJqYQhm50Jvjrku5bB3kMXbmSBkR8mhMlQ5etsm6m9fDInJJhk', 94),
(95, '2024-09-26 08:39:32', 'A8rEFP6V6Nmj7aoPLsY68M1Yeo1btXyLhCQ6wpnXAQCSaipteRZF7sk', 409746, 'GTjaXfmjZbC5JrcfFB6rKj858H6b7sNycc0dFM9foc29gujwy3A6v2mhVobQiKlrNNcq19a2BbDsq9YOhJmErRCkzTIbvt6e0LvTS35zdH5Uz40WPNsYhh95K20i19HRei1eNF5oOxkkWsu5cwLhBh6TMzIaCW7e9nzQDVIKRDKu6YjcH5GFxjQ6mhSX6fm2zGkt2e1H', 95),
(96, '2021-06-21 00:15:57', 'XMWyQqSGQ2qZX3ogDvOvbR4zy0knE8bwTSjZKeGPNfm6aKV9zVD2xeh', 90186, 'ShAaGoCRa4GFTOVjo8i5p7Znekxs5j9zvdHneqJidUgfEQpk9eOy6lZUHW6f1TV14RUzHrF7y9cUb4iN5NsaUK2JExgHunrJ8okx6zdRZQA6JE2Nyskok5guYKvUL7NLSSWwTvRFtbBEK6994TTBDDiDI0YvEJGbDyn0sF3Cbe4J4ckcKwZ2oLHPuSodWfBkUjAVSJQy', 96),
(97, '2017-04-24 05:34:32', 'IYJpQ6kStNw1rYGaaaq5dUyUbOJBfldYkjHVJ9Na5t0HwIo4D0X8jpF', 411412, 'kyOBwjwHtXRHRuRbNQAuerhSkP8oOfz5dTuUuLnV6tXZ1gmSj5uToVT3R5bgkI3OiVo8A6qCmoxvTIaDnqFTugQI91DzuHvyzI0g2oSmOsqAhijIfX34CjeCFf8I31Rf395KS4L8XcEBzPlaR4UWN0vPoyaXpJsXbKHhnZ0kM4gjfcMz3h09h5RCNpfedxSOurkpIDx2', 97),
(98, '2011-03-03 16:09:18', 'TLuLlldITtzg2ET83WGYlSzy2hqzu85xv8tC4U22UK4A1EwEuy8rnvr', 54252, 'W5TE4nXVyBu4VRDjdOEbYy6yvmF69NKAQsp8Ay7qxjMzT1scuYNYqQmh9fSShaVk1unmlEipRXnzmHe33nLkAwTAGI9ffpIWNm8iOG0q0iHTmw41AZY4PvkFbmfcEDJmORmAI5pwwfucoAYTOHfGQOHbB3HllXlxYeEVK4tEulIuBIabOLO6hDVAJK8PyDLY47DJ5CJT', 98),
(99, '2017-03-04 09:21:39', 'FXa3cpWZJoPUJDL96dPqZt0EEQfLC5iHrq4wuEwJrwPPrsA11JX5KqP', 209314, 'hWzMJLXNGIncJYP1qG8nekWVPoT3in6BbiPXPk9gYBJjFisd3fOErl16Ad6f1dpcLlBkI2lGHcOcawQr509CY2UzrSXwndp5WqYdgHUB3H6OXYfNNPkAemETRM3zezcoxTGuYwKxg8JR5FcSwJjY3obtmELUOegEpSaDSvzaEwdfdxXLukCUQEvI2WHTk0jCbElnoYAB', 99),
(100, '2016-01-26 03:18:06', 'L5QzrAknbMxkhSL5of0OMbEYLtgVkB9Iuo76GRmkQ5kOQBGWNEWzRF4', 382666, '11o7dODZMpz2VOzW3P7R0zHJnKIfpK0ptNFOnoHB1LClLNB8OA5BHn3CteUSGiuCyKJHJltPI6Zpxg8ZIJQoOyhGUDeITy5Ta9wBE3znRq3LNNONg4K6RFy9mCxFGk5UAGOxt7VOUnXh5W3GyQmZo9BVLwYBGtgqviLH8bdii5morQEQJqR07fqAE3m6jTIkGrvXKvIW', 100);

INSERT INTO `customers` (`Customer_ID`, `Nazwa`, `Miasto`, `Adres`, `Email`, `Nr_tel`, `NIP`) VALUES
(1, 'Comcast', 'Fullerton', 'Sheraton   Drive, 9894', 'Russel_Cartwright4898@v1wn5.media', '0-333-168-0468', 1736600220),
(2, '21st Century Fox', 'Madrid', 'Coley  Walk, 2049', 'Chloe_Varley7915@p5emz.digital', '6-157-006-7080', 1859621144),
(3, 'Telekom', 'Denver', 'Bolton  Road, 6894', 'Renee_Collingwood2705@y96lx.auction', '0-457-567-5623', 1809333286),
(4, 'AECOM', 'Berlin', 'Mariner   Drive, 7724', 'Hayden_Jobson7082@jh02o.property', '4-456-582-0613', 1693927029),
(5, 'UPC', 'Escondido', 'Battersea   Vale, 1412', 'Joyce_Hamilton4421@nanoff.host', '8-807-583-5010', 1130194901),
(6, 'Coca-Cola Company', 'Hollywood', 'Boldero   Pass, 4912', 'Mark_Lakey5292@lyvnc.catering', '5-366-673-4085', 1837456885),
(7, 'AECOM', 'Toledo', 'Earl Rise Road, 3522', 'Trisha_Gordon4012@ag5wi.video', '0-017-571-7310', 1584278079),
(8, 'Amazon.com', 'Tallahassee', 'Timothy  Pass, 6172', 'Ron_Chester1563@bqkv0.works', '2-657-228-3420', 1771154024),
(9, 'AECOM', 'Fullerton', 'Pine Rue, 8989', 'Aurelia_Burge6038@c2nyu.name', '5-665-776-2127', 2053463050),
(10, 'Areon Impex', 'Norfolk', 'Queen Hill, 4947', 'Joseph_Radley1922@xqj6f.club', '5-177-800-5656', 2135014951),
(11, 'UPC', 'Dallas', 'Birkin   Hill, 7831', 'Robyn_Rigg3750@zynuu.website', '7-760-457-0714', 1122446379),
(12, 'Carrefour', 'Quebec', 'Fawn Vale, 1405', 'Boris_Flack3315@ptr6k.business', '7-383-161-5775', 2088433469),
(13, '21st Century Fox', 'Bakersfield', 'Castle Lane, 8327', 'Camellia_Tait7842@c2nyu.video', '1-850-755-6248', 2011994641),
(14, 'Leadertech Consulting', 'Salem', 'Unwin  Boulevard, 6604', 'Benny_Varley2851@gkvds.website', '0-405-727-3110', 1878649019),
(15, 'Biolife Grup', 'Los Angeles', 'Badric  Drive, 2317', 'Henry_Stevenson4930@yvu30.video', '4-061-121-0027', 1583352895),
(16, 'DynCorp', 'Toledo', 'Bendmore  Avenue, 4243', 'Lynn_Sherwood7112@nb44i.com', '6-053-531-5500', 1665292181),
(17, 'It Smart Group', 'Salt Lake City', 'Cliffords  Vale, 9639', 'David_Archer4895@ckzyi.us', '1-483-574-2682', 2037571286),
(18, 'Leadertech Consulting', 'Honolulu', 'Earl Rise Rue, 8860', 'Mason_Watson4797@6ijur.info', '4-536-765-5218', 1472456315),
(19, 'Facebook', 'Venice', 'Norfolk  Pass, 1736', 'Mayleen_Hogg6582@mpibr.club', '0-122-307-3562', 1399971783),
(20, 'Vodafone', 'Richmond', 'Carnegie   Hill, 633', 'Jayden_Callan7299@xtwt3.website', '8-862-806-0523', 1410354457),
(21, 'Biolife Grup', 'Springfield', 'Biggerstaff   Way, 4760', 'Enoch_Fields6704@c2nyu.shop', '1-355-133-3480', 1311686786),
(22, 'Facebook', 'Jacksonville', 'Eldon  Route, 8387', 'Boris_Shields1251@3wbkp.services', '5-817-648-6425', 1651357478),
(23, 'Erickson', 'Miami', 'Chatfield  Way, 1860', 'Rosa_Clayton4404@nanoff.shop', '0-475-348-8174', 2126953063),
(24, 'CarMax', 'Atlanta', 'Castlereagh   Drive, 5612', 'Natalie_Norton9546@1wa8o.us', '8-581-042-4315', 1133906788),
(25, 'BuzzFeed', 'El Paso', 'Sheffield Street, 5260', 'Callie_Penn7462@crzq7.pro', '7-514-732-8323', 2056688127),
(26, 'UPC', 'Long Beach', 'Waldram Park  Grove, 9229', 'Denny_Harrington8708@lhp4j.services', '1-700-805-3352', 1097956750),
(27, 'CarMax', 'Quebec', 'Coalecroft  Vale, 1587', 'Laila_Donovan8656@gnjps.host', '8-076-743-2477', 2121178628),
(28, 'DynCorp', 'Washington', 'Arthur  Crossroad, 7866', 'Denis_Rowlands3646@p5emz.online', '7-744-286-7817', 1180362916),
(29, 'Carrefour', 'San Francisco', 'Arline    Drive, 9665', 'Bryon_Hall2492@urn0m.name', '2-577-230-7515', 1086882572),
(30, 'Metro Cash&Carry', 'Venice', 'Garfield Tunnel, 7849', 'Tyler_May7572@jcf8v.net', '3-140-800-8107', 1171432639),
(31, 'Metro Cash&Carry', 'Toledo', 'Chapel  Boulevard, 9795', 'Florence_Attwood9875@ag5wi.name', '4-287-081-8248', 1502142072),
(32, 'ExxonMobil', 'London', 'Arlington  Pass, 5564', 'Jocelyn_Allen39@lhp4j.store', '0-613-673-4601', 1007161643),
(33, 'Amazon.com', 'Garland', 'Boleyn  Drive, 9556', 'Cherish_Neal6571@yvu30.directory', '3-587-566-6040', 2135977207),
(34, 'BuzzFeed', 'Worcester', 'Victoria Rise Alley, 8417', 'Melania_Brooks3542@nanoff.com', '5-145-247-3586', 1871386643),
(35, 'Zepter', 'Fullerton', 'Cecilia  Crossroad, 9107', 'Daron_Redwood4885@ds59r.catering', '1-034-066-7587', 1351289469),
(36, 'Danone', 'Stockton', 'Bagford   Street, 1593', 'Tony_John85@mpibr.app', '6-610-020-3202', 1290196496),
(37, 'BuzzFeed', 'Bakersfield', 'Chandos  Way, 8848', 'Natalie_King8461@ohqqh.center', '2-663-003-1888', 1747646192),
(38, 'Amazon.com', 'Los Angeles', 'Bacon  Avenue, 5819', 'Keira_Reading2833@ptr6k.org', '5-513-457-1253', 1976840831),
(39, 'Comcast', 'Charlotte', 'Church Boulevard, 9472', 'Manuel_Gavin3515@ckzyi.info', '3-872-642-5187', 1143528704),
(40, 'Areon Impex', 'Bridgeport', 'Armory  Hill, 822', 'Danny_Jeffery9873@3wbkp.site', '3-155-243-0483', 1837337766),
(41, 'Biolife Grup', 'Nashville', 'Arctic   Rue, 191', 'Leilani_Patel9440@nanoff.works', '1-060-225-8207', 1564292310),
(42, 'Danone', 'Charlotte', 'Howard Alley, 7120', 'Emmanuelle_Ellis1527@mpibr.club', '1-128-058-1178', 1450311639),
(43, 'Leadertech Consulting', 'Springfield', 'Chamberlain  Pass, 8704', 'Wendy_Cunningham6891@bu2lo.app', '2-068-040-1176', 1576169397),
(44, 'Coca-Cola Company', 'Minneapolis', 'Bekesbourne   Route, 3184', 'Hannah_Eddison6152@dvqq2.auction', '2-455-131-1450', 1038899774),
(45, 'Erickson', 'Fremont', 'Chester      Rue, 681', 'Mason_Potts5469@jh02o.digital', '4-132-577-8402', 1490934836),
(46, 'Comcast', 'Huntsville', 'Mariner   Walk, 9585', 'Danny_Tennant9303@jcf8v.business', '3-263-158-3144', 1124534127),
(47, 'DynCorp', 'Richmond', 'Lonsdale  Tunnel, 7351', 'Angel_Nash9421@fhuux.space', '1-461-877-5061', 2127472811),
(48, 'BuzzFeed', 'Orlando', 'Ampton  Tunnel, 5763', 'Cristal_Latham9714@yvu30.store', '4-053-442-2063', 1674810222),
(49, 'UPC', 'Miami', 'Caedmon  Avenue, 3548', 'Felicity_Jenkin3919@v1wn5.press', '1-671-381-5812', 1263417915),
(50, 'Global Print', 'Indianapolis', 'East Alley, 8568', 'Russel_Briggs2793@ds59r.works', '5-174-261-6722', 1538672638),
(51, 'Telekom', 'Zurich', 'Cecilia  Tunnel, 8463', 'Roger_Long4571@ckzyi.club', '2-608-648-0443', 1253727944),
(52, 'Telekom', 'Berna', 'Ensign   Lane, 7956', 'Nick_Hill9628@1kmd3.press', '6-660-121-1787', 1551531682),
(53, 'Vodafone', 'Moreno Valley', 'Coalecroft  Vale, 9323', 'Javier_Stewart9800@ptr6k.center', '2-178-158-1238', 1405875360),
(54, 'Areon Impex', 'Berna', 'Ashley Walk, 3502', 'Anabel_Lloyd2357@voylg.biz', '5-613-247-2722', 1508610977),
(55, 'Apple Inc.', 'San Francisco', 'Jackson Hill, 8363', 'Drew_Mason969@jh02o.org', '4-461-336-7118', 1203629022),
(56, 'Coca-Cola Company', 'Memphis', 'Linda   Pass, 4793', 'Cherish_Niles283@karnv.media', '4-342-663-5077', 1703634766),
(57, 'Leadertech Consulting', 'St. Louis', 'Chester  Lane, 1434', 'Rufus_Burge2777@gnjps.app', '0-821-018-6758', 1208339108),
(58, 'BuzzFeed', 'Quebec', 'Gavel   Alley, 7433', 'Harry_Mould3757@xqj6f.center', '2-130-284-6252', 1400175583),
(59, 'Metro Cash&Carry', 'Scottsdale', 'Cheltenham  Grove, 1336', 'Ember_Alcroft9502@evyvh.video', '5-581-336-0755', 2142546275),
(60, 'Facebook', 'Toledo', 'Paris   Crossroad, 3215', 'Eduardo_Powell5597@iaart.edu', '5-543-163-4427', 1970832735),
(61, 'Apple Inc.', 'Colorado Springs', 'Arctic   Boulevard, 5587', 'Logan_Woodcock6841@dbxli.center', '5-633-150-2700', 1272392568),
(62, 'Boeing', 'Lisbon', 'Castile  Tunnel, 4323', 'Hank_Alldridge6945@avn7d.press', '5-301-518-8781', 2048432883),
(63, 'ExxonMobil', 'Washington', 'Yorkshire  Crossroad, 4443', 'Ramon_Beal7608@6ijur.us', '1-220-204-5637', 1859163699),
(64, 'Danone', 'Miami', 'Andrews  Street, 8391', 'Barney_Saunders3322@hepmv.host', '2-682-366-1012', 1992223426),
(65, 'Erickson', 'Stockton', 'Bendall   Lane, 3633', 'John_Clarkson4858@zynuu.digital', '2-030-716-2762', 2127016479),
(66, 'Apple Inc.', 'Colorado Springs', 'Carpenter Drive, 80', 'Elijah_Irwin5763@zynuu.store', '4-001-170-8446', 1824316648),
(67, 'CarMax', 'Dallas', 'Chester      Alley, 3992', 'Bree_Thompson927@ckzyi.pro', '7-211-232-0436', 1973692306),
(68, 'Mars', 'Fullerton', 'Cleveland  Avenue, 7171', 'Kurt_Cavanagh5072@chkzl.mobi', '4-120-136-3186', 1250938013),
(69, 'CarMax', 'Worcester', 'Cave   Hill, 1882', 'Luke_Cann3213@iaart.website', '6-117-362-6726', 1696873288),
(70, 'CarMax', 'Long Beach', 'Elystan  Rue, 7520', 'Matt_Fenton9181@avn7d.media', '1-488-250-2200', 1718282183),
(71, 'CarMax', 'Oklahoma City', 'Lincoln Way, 8723', 'Hank_Miller8946@dvqq2.online', '4-610-642-7145', 1015268885),
(72, 'ENEL', 'Jacksonville', 'Endsleigh  Alley, 7321', 'Roger_Chappell5212@lhp4j.video', '3-113-366-2581', 1456735532),
(73, 'Comodo', 'Fremont', 'Buttonwood Rue, 3', 'Analise_Thatcher1091@ag5wi.directory', '1-777-017-6743', 1919971106),
(74, 'Demaco', 'Bakersfield', 'Thoresby   Vale, 4685', 'Adela_Yarlett482@v1wn5.site', '5-043-332-1211', 1027923419),
(75, 'AECOM', 'New York', 'Earl Rise Road, 8120', 'Rihanna_Page 8652@jcf8v.club', '6-650-037-2887', 1344644220),
(76, 'Telekom', 'Hayward', 'Boadicea   Route, 5707', 'Nathan_Robertson6701@fhuux.autos', '4-327-217-8166', 1790440602),
(77, 'ExxonMobil', 'Washington', 'Westcott  Walk, 4370', 'Vicky_Reynolds1286@dbxli.info', '0-813-764-6501', 1085502578),
(78, 'Boeing', 'Tulsa', 'St. Johs  Road, 882', 'Bethany_Gosling5616@ohqqh.business', '1-503-567-3361', 1177882718),
(79, 'Carrefour', 'Glendale', 'Chatsworth  Boulevard, 7078', 'Bart_Driscoll6184@nmz0p.zone', '5-328-711-1500', 1038813389),
(80, 'ExxonMobil', 'Washington', 'Thomas Doyle   Road, 7946', 'Adina_Thorne3099@6ijur.tech', '6-410-584-7368', 1444079650),
(81, 'Comcast', 'Baltimore', 'Fairholt   Tunnel, 2240', 'Rick_Hopkins1431@jcf8v.digital', '0-287-038-6315', 1610673927),
(82, 'Facebook', 'Toledo', 'Elba  Tunnel, 1337', 'Tony_Sylvester3531@lyvnc.online', '2-418-346-8573', 1091800901),
(83, 'Telekom', 'Fayetteville', 'St. Pauls  Avenue, 3555', 'Eduardo_West1694@3wbkp.services', '3-115-330-1627', 1745392647),
(84, 'Boeing', 'Atlanta', 'Earl Rise Tunnel, 7034', 'Johnny_Dowson6615@lhp4j.mobi', '2-815-523-2285', 1937668164),
(85, 'It Smart Group', 'El Paso', 'Blackwall  Avenue, 5456', 'Julian_Roscoe7733@evyvh.name', '6-586-677-2135', 2096108239),
(86, 'Vodafone', 'Houston', 'Fairview Walk, 2720', 'Gina_James6847@bqkv0.digital', '7-433-748-2728', 1498770005),
(87, 'Telekom', 'Columbus', 'Betton  Route, 3771', 'Danny_Darcy4325@qu9ml.info', '1-061-846-3205', 1196216630),
(88, 'Apple Inc.', 'Miami', 'Kinglake  Pass, 2511', 'Carl_Kennedy7254@p5emz.com', '6-614-528-2562', 1169161581),
(89, 'It Smart Group', 'London', 'Cedarne  Walk, 1286', 'Alexander_Olivier4134@xqj6f.property', '3-383-812-2442', 2127341638),
(90, 'Facebook', 'Berlin', 'Blore  Vale, 3367', 'Shelby_Cooper4369@bcfhs.info', '1-731-258-0322', 1984855084),
(91, 'Zepter', 'San Bernardino', 'Wake  Road, 2826', 'Taylor_Veale6745@evyvh.app', '8-380-625-3031', 1923556939),
(92, 'Telekom', 'Hollywood', 'Chambers  Rue, 5884', 'Paige_Morris6760@yafr7.press', '6-323-660-1416', 1475862151),
(93, 'Metro Cash&Carry', 'Tulsa', 'Westcott  Walk, 7246', 'Cedrick_Larsen4673@lhp4j.space', '3-202-612-0464', 1180653726),
(94, 'Comcast', 'Amarillo', 'Caxton  Rue, 105', 'Jocelyn_Funnell6616@lyvnc.club', '1-513-517-0363', 2093848317),
(95, 'Telekom', 'Indianapolis', 'King Edward  Drive, 2224', 'Leilani_Taylor7128@crzq7.store', '7-777-112-3240', 2084553593),
(96, 'Leadertech Consulting', 'Portland', 'Collent   Crossroad, 6892', 'Cynthia_Miller4198@iscmr.center', '8-226-235-5472', 1393012541),
(97, 'Zepter', 'Louisville', 'Carlton  Crossroad, 1052', 'Domenic_Nicholls4100@bcfhs.tech', '6-714-140-1743', 2108249469),
(98, 'Areon Impex', 'Oklahoma City', 'Rosewood Lane, 6561', 'Elle_Norburn1522@hepmv.info', '2-040-700-1085', 1612378437),
(99, 'Danone', 'Amarillo', 'Charnwood   Road, 5044', 'Vivian_Yang8344@dvqq2.auction', '8-520-443-3425', 1988996529),
(100, 'Mars', 'Berna', 'Dunstable   Alley, 8212', 'Domenic_Richards400@gkvds.center', '5-882-804-8312', 1598874646);

INSERT INTO `delivery_info` (`Delivery_ID`, `Order_ID`, `Customer_ID`, `Cargo_ID`, `Package_ID`, `Invoice_ID`) VALUES
(1, 1, 1, 16, 1, 1),
(2, 2, 2, 1, 2, 2),
(3, 3, 3, 11, 3, 3),
(4, 4, 4, 12, 4, 4),
(5, 5, 5, 1, 5, 5),
(6, 6, 6, 4, 6, 6),
(7, 7, 7, 16, 7, 7),
(8, 8, 8, 4, 8, 8),
(9, 9, 9, 10, 9, 9),
(10, 10, 10, 14, 10, 10),
(11, 11, 11, 5, 11, 11),
(12, 12, 12, 10, 12, 12),
(13, 13, 13, 3, 13, 13),
(14, 14, 14, 5, 14, 14),
(15, 15, 15, 14, 15, 15),
(16, 16, 16, 5, 16, 16),
(17, 17, 17, 15, 17, 17),
(18, 18, 18, 4, 18, 18),
(19, 19, 19, 8, 19, 19),
(20, 20, 20, 7, 20, 20),
(21, 21, 21, 3, 21, 21),
(22, 22, 22, 14, 22, 22),
(23, 23, 23, 13, 23, 23),
(24, 24, 24, 4, 24, 24),
(25, 25, 25, 8, 25, 25),
(26, 26, 26, 11, 26, 26),
(27, 27, 27, 3, 27, 27),
(28, 28, 28, 7, 28, 28),
(29, 29, 29, 6, 29, 29),
(30, 30, 30, 8, 30, 30),
(31, 31, 31, 13, 31, 31),
(32, 32, 32, 10, 32, 32),
(33, 33, 33, 1, 33, 33),
(34, 34, 34, 8, 34, 34),
(35, 35, 35, 10, 35, 35),
(36, 36, 36, 12, 36, 36),
(37, 37, 37, 8, 37, 37),
(38, 38, 38, 15, 38, 38),
(39, 39, 39, 10, 39, 39),
(40, 40, 40, 12, 40, 40),
(41, 41, 41, 5, 41, 41),
(42, 42, 42, 16, 42, 42),
(43, 43, 43, 10, 43, 43),
(44, 44, 44, 15, 44, 44),
(45, 45, 45, 3, 45, 45),
(46, 46, 46, 9, 46, 46),
(47, 47, 47, 1, 47, 47),
(48, 48, 48, 4, 48, 48),
(49, 49, 49, 16, 49, 49),
(50, 50, 50, 11, 50, 50),
(51, 51, 51, 1, 51, 51),
(52, 52, 52, 15, 52, 52),
(53, 53, 53, 7, 53, 53),
(54, 54, 54, 14, 54, 54),
(55, 55, 55, 6, 55, 55),
(56, 56, 56, 11, 56, 56),
(57, 57, 57, 9, 57, 57),
(58, 58, 58, 2, 58, 58),
(59, 59, 59, 15, 59, 59),
(60, 60, 60, 12, 60, 60),
(61, 61, 61, 13, 61, 61),
(62, 62, 62, 8, 62, 62),
(63, 63, 63, 16, 63, 63),
(64, 64, 64, 14, 64, 64),
(65, 65, 65, 6, 65, 65),
(66, 66, 66, 2, 66, 66),
(67, 67, 67, 10, 67, 67),
(68, 68, 68, 6, 68, 68),
(69, 69, 69, 13, 69, 69),
(70, 70, 70, 14, 70, 70),
(71, 71, 71, 5, 71, 71),
(72, 72, 72, 4, 72, 72),
(73, 73, 73, 16, 73, 73),
(74, 74, 74, 1, 74, 74),
(75, 75, 75, 12, 75, 75),
(76, 76, 76, 14, 76, 76),
(77, 77, 77, 13, 77, 77),
(78, 78, 78, 2, 78, 78),
(79, 79, 79, 1, 79, 79),
(80, 80, 80, 8, 80, 80),
(81, 81, 81, 15, 81, 81),
(82, 82, 82, 2, 82, 82),
(83, 83, 83, 12, 83, 83),
(84, 84, 84, 1, 84, 84),
(85, 85, 85, 12, 85, 85),
(86, 86, 86, 15, 86, 86),
(87, 87, 87, 9, 87, 87),
(88, 88, 88, 16, 88, 88),
(89, 89, 89, 11, 89, 89),
(90, 90, 90, 13, 90, 90),
(91, 91, 91, 16, 91, 91),
(92, 92, 92, 4, 92, 92),
(93, 93, 93, 13, 93, 93),
(94, 94, 94, 14, 94, 94),
(95, 95, 95, 4, 95, 95),
(96, 96, 96, 8, 96, 96),
(97, 97, 97, 6, 97, 97),
(98, 98, 98, 2, 98, 98),
(99, 99, 99, 4, 99, 99),
(100, 100, 100, 15, 100, 100);

INSERT INTO `delivery_status` (`Status_ID`, `Status`, `Order_ID`, `Uwagi`) VALUES
(1, 'oczekuje', 1, 'pellentesque volutpat dui maecenas tristique est et tempus semper est quam pharetra magna ac'),
(2, 'w drodze', 2, 'consequat metus sapien ut nunc vestibulum ante ipsum primis in faucibus orci luctus'),
(3, 'w drodze', 3, 'luctus rutrum nulla tellus in sagittis dui vel nisl duis ac nibh fusce lacus purus aliquet at feugiat non pretium'),
(4, 'dostarczone', 4, 'id massa id nisl venenatis lacinia aenean sit amet justo morbi ut odio'),
(5, 'w drodze', 5, 'mi sit amet lobortis sapien sapien non mi integer ac neque duis bibendum morbi non quam'),
(6, 'anulowane', 6, 'montes nascetur ridiculus mus etiam vel augue vestibulum rutrum rutrum neque aenean'),
(7, 'dostarczone', 7, 'nulla dapibus dolor vel est donec odio justo sollicitudin ut suscipit a feugiat et'),
(8, 'anulowane', 8, 'nibh ligula nec sem duis aliquam convallis nunc proin at turpis a pede posuere'),
(9, 'w drodze', 9, 'risus dapibus augue vel accumsan tellus nisi eu orci mauris lacinia sapien quis libero nullam sit'),
(10, 'dostarczone', 10, 'platea dictumst etiam faucibus cursus urna ut tellus nulla ut erat id mauris vulputate elementum'),
(11, 'w magazynie', 11, 'ut nunc vestibulum ante ipsum primis in faucibus orci luctus et ultrices posuere cubilia'),
(12, 'w magazynie', 12, 'aliquet pulvinar sed nisl nunc rhoncus dui vel sem sed sagittis'),
(13, 'anulowane', 13, 'eu sapien cursus vestibulum proin eu mi nulla ac enim in tempor turpis nec'),
(14, 'anulowane', 14, 'sagittis dui vel nisl duis ac nibh fusce lacus purus aliquet'),
(15, 'w drodze', 15, 'nam nulla integer pede justo lacinia eget tincidunt eget tempus vel pede morbi'),
(16, 'w magazynie', 16, 'vestibulum sit amet cursus id turpis integer aliquet massa id lobortis convallis tortor risus dapibus augue vel accumsan'),
(17, 'dostarczone', 17, 'fermentum donec ut mauris eget massa tempor convallis nulla neque libero convallis eget eleifend luctus ultricies eu nibh quisque id'),
(18, 'anulowane', 18, 'nisi eu orci mauris lacinia sapien quis libero nullam sit amet turpis elementum ligula vehicula consequat morbi a ipsum'),
(19, 'dostarczone', 19, 'nunc proin at turpis a pede posuere nonummy integer non'),
(20, 'w drodze', 20, 'at nunc commodo placerat praesent blandit nam nulla integer pede justo lacinia eget tincidunt eget tempus'),
(21, 'w drodze', 21, 'sit amet lobortis sapien sapien non mi integer ac neque duis bibendum morbi non quam nec dui luctus rutrum nulla'),
(22, 'anulowane', 22, 'cubilia curae nulla dapibus dolor vel est donec odio justo sollicitudin ut suscipit a feugiat et eros vestibulum'),
(23, 'w drodze', 23, 'aliquet massa id lobortis convallis tortor risus dapibus augue vel accumsan tellus nisi eu orci mauris lacinia sapien'),
(24, 'w drodze', 24, 'nibh in lectus pellentesque at nulla suspendisse potenti cras in purus eu magna vulputate luctus cum sociis natoque penatibus'),
(25, 'anulowane', 25, 'turpis donec posuere metus vitae ipsum aliquam non mauris morbi non lectus aliquam sit amet diam in magna bibendum imperdiet'),
(26, 'w magazynie', 26, 'nulla facilisi cras non velit nec nisi vulputate nonummy maecenas tincidunt lacus at'),
(27, 'dostarczone', 27, 'enim sit amet nunc viverra dapibus nulla suscipit ligula in lacus curabitur at ipsum ac tellus semper interdum'),
(28, 'oczekuje', 28, 'amet cursus id turpis integer aliquet massa id lobortis convallis tortor risus dapibus'),
(29, 'anulowane', 29, 'sed lacus morbi sem mauris laoreet ut rhoncus aliquet pulvinar sed nisl nunc rhoncus dui vel'),
(30, 'w magazynie', 30, 'pulvinar sed nisl nunc rhoncus dui vel sem sed sagittis nam congue'),
(31, 'anulowane', 31, 'cubilia curae donec pharetra magna vestibulum aliquet ultrices erat tortor sollicitudin mi sit amet lobortis sapien sapien'),
(32, 'w drodze', 32, 'id justo sit amet sapien dignissim vestibulum vestibulum ante ipsum primis in faucibus orci luctus et ultrices posuere'),
(33, 'oczekuje', 33, 'pede morbi porttitor lorem id ligula suspendisse ornare consequat lectus in est risus auctor sed tristique in tempus'),
(34, 'w magazynie', 34, 'cum sociis natoque penatibus et magnis dis parturient montes nascetur ridiculus'),
(35, 'dostarczone', 35, 'purus phasellus in felis donec semper sapien a libero nam'),
(36, 'w magazynie', 36, 'id nisl venenatis lacinia aenean sit amet justo morbi ut odio cras mi pede malesuada'),
(37, 'w drodze', 37, 'lacinia erat vestibulum sed magna at nunc commodo placerat praesent blandit nam nulla integer pede justo'),
(38, 'anulowane', 38, 'dolor sit amet consectetuer adipiscing elit proin interdum mauris non ligula pellentesque ultrices phasellus id'),
(39, 'oczekuje', 39, 'rhoncus aliquam lacus morbi quis tortor id nulla ultrices aliquet maecenas leo odio condimentum id'),
(40, 'w drodze', 40, 'neque vestibulum eget vulputate ut ultrices vel augue vestibulum ante ipsum primis in faucibus orci luctus et ultrices posuere cubilia'),
(41, 'anulowane', 41, 'in eleifend quam a odio in hac habitasse platea dictumst maecenas ut massa quis'),
(42, 'dostarczone', 42, 'feugiat non pretium quis lectus suspendisse potenti in eleifend quam a'),
(43, 'anulowane', 43, 'tincidunt nulla mollis molestie lorem quisque ut erat curabitur gravida nisi at nibh in'),
(44, 'dostarczone', 44, 'cras pellentesque volutpat dui maecenas tristique est et tempus semper'),
(45, 'anulowane', 45, 'fusce consequat nulla nisl nunc nisl duis bibendum felis sed interdum'),
(46, 'anulowane', 46, 'suspendisse accumsan tortor quis turpis sed ante vivamus tortor duis mattis egestas'),
(47, 'w magazynie', 47, 'ligula sit amet eleifend pede libero quis orci nullam molestie nibh in lectus pellentesque at nulla suspendisse potenti cras in'),
(48, 'w magazynie', 48, 'rhoncus aliquet pulvinar sed nisl nunc rhoncus dui vel sem sed sagittis nam congue risus semper porta'),
(49, 'w drodze', 49, 'odio cras mi pede malesuada in imperdiet et commodo vulputate justo in blandit ultrices enim'),
(50, 'w drodze', 50, 'sollicitudin mi sit amet lobortis sapien sapien non mi integer ac neque duis'),
(51, 'oczekuje', 51, 'eu felis fusce posuere felis sed lacus morbi sem mauris laoreet ut rhoncus aliquet pulvinar'),
(52, 'oczekuje', 52, 'purus eu magna vulputate luctus cum sociis natoque penatibus et magnis dis'),
(53, 'anulowane', 53, 'posuere felis sed lacus morbi sem mauris laoreet ut rhoncus aliquet pulvinar sed nisl nunc'),
(54, 'oczekuje', 54, 'suspendisse potenti in eleifend quam a odio in hac habitasse platea dictumst maecenas ut massa quis augue'),
(55, 'anulowane', 55, 'elementum ligula vehicula consequat morbi a ipsum integer a nibh in quis justo'),
(56, 'oczekuje', 56, 'neque aenean auctor gravida sem praesent id massa id nisl venenatis lacinia aenean sit amet justo'),
(57, 'w magazynie', 57, 'velit eu est congue elementum in hac habitasse platea dictumst morbi vestibulum velit id pretium iaculis diam erat fermentum justo'),
(58, 'oczekuje', 58, 'enim lorem ipsum dolor sit amet consectetuer adipiscing elit proin interdum mauris non ligula'),
(59, 'dostarczone', 59, 'porta volutpat erat quisque erat eros viverra eget congue eget semper rutrum nulla nunc purus phasellus'),
(60, 'w magazynie', 60, 'ipsum dolor sit amet consectetuer adipiscing elit proin interdum mauris non ligula pellentesque ultrices phasellus id sapien in'),
(61, 'anulowane', 61, 'massa volutpat convallis morbi odio odio elementum eu interdum eu tincidunt in leo maecenas pulvinar lobortis est phasellus sit'),
(62, 'dostarczone', 62, 'lacinia eget tincidunt eget tempus vel pede morbi porttitor lorem id ligula suspendisse ornare'),
(63, 'oczekuje', 63, 'magna vulputate luctus cum sociis natoque penatibus et magnis dis'),
(64, 'oczekuje', 64, 'quis orci nullam molestie nibh in lectus pellentesque at nulla suspendisse potenti cras in purus eu magna'),
(65, 'oczekuje', 65, 'euismod scelerisque quam turpis adipiscing lorem vitae mattis nibh ligula nec sem duis aliquam'),
(66, 'dostarczone', 66, 'eu magna vulputate luctus cum sociis natoque penatibus et magnis dis'),
(67, 'w drodze', 67, 'augue a suscipit nulla elit ac nulla sed vel enim sit amet nunc'),
(68, 'oczekuje', 68, 'at velit vivamus vel nulla eget eros elementum pellentesque quisque porta volutpat erat quisque'),
(69, 'w magazynie', 69, 'tristique in tempus sit amet sem fusce consequat nulla nisl nunc nisl duis bibendum felis sed interdum venenatis'),
(70, 'oczekuje', 70, 'bibendum morbi non quam nec dui luctus rutrum nulla tellus in sagittis dui vel'),
(71, 'w magazynie', 71, 'sapien cursus vestibulum proin eu mi nulla ac enim in tempor turpis nec euismod scelerisque quam turpis adipiscing lorem'),
(72, 'w drodze', 72, 'nulla ut erat id mauris vulputate elementum nullam varius nulla facilisi cras non velit nec nisi vulputate nonummy maecenas tincidunt'),
(73, 'dostarczone', 73, 'ullamcorper augue a suscipit nulla elit ac nulla sed vel enim sit amet nunc viverra dapibus'),
(74, 'w drodze', 74, 'convallis morbi odio odio elementum eu interdum eu tincidunt in leo'),
(75, 'dostarczone', 75, 'erat id mauris vulputate elementum nullam varius nulla facilisi cras non velit nec nisi vulputate'),
(76, 'anulowane', 76, 'convallis duis consequat dui nec nisi volutpat eleifend donec ut dolor morbi vel lectus in quam fringilla rhoncus mauris enim'),
(77, 'w magazynie', 77, 'turpis elementum ligula vehicula consequat morbi a ipsum integer a nibh in quis justo maecenas'),
(78, 'w drodze', 78, 'porttitor pede justo eu massa donec dapibus duis at velit'),
(79, 'w magazynie', 79, 'lacinia eget tincidunt eget tempus vel pede morbi porttitor lorem id'),
(80, 'w magazynie', 80, 'felis eu sapien cursus vestibulum proin eu mi nulla ac enim in tempor turpis'),
(81, 'dostarczone', 81, 'eu massa donec dapibus duis at velit eu est congue elementum in hac habitasse platea'),
(82, 'w magazynie', 82, 'quis turpis eget elit sodales scelerisque mauris sit amet eros suspendisse accumsan tortor quis turpis sed ante'),
(83, 'anulowane', 83, 'praesent id massa id nisl venenatis lacinia aenean sit amet'),
(84, 'w drodze', 84, 'sed vestibulum sit amet cursus id turpis integer aliquet massa id lobortis convallis tortor'),
(85, 'anulowane', 85, 'consequat metus sapien ut nunc vestibulum ante ipsum primis in faucibus'),
(86, 'w magazynie', 86, 'penatibus et magnis dis parturient montes nascetur ridiculus mus etiam'),
(87, 'anulowane', 87, 'aliquet at feugiat non pretium quis lectus suspendisse potenti in eleifend quam a odio in hac habitasse platea dictumst'),
(88, 'anulowane', 88, 'elementum in hac habitasse platea dictumst morbi vestibulum velit id pretium iaculis diam erat fermentum justo nec'),
(89, 'w drodze', 89, 'vestibulum sed magna at nunc commodo placerat praesent blandit nam nulla integer pede justo lacinia'),
(90, 'oczekuje', 90, 'donec quis orci eget orci vehicula condimentum curabitur in libero ut massa volutpat convallis morbi'),
(91, 'anulowane', 91, 'quis odio consequat varius integer ac leo pellentesque ultrices mattis odio donec vitae'),
(92, 'w drodze', 92, 'dui vel sem sed sagittis nam congue risus semper porta volutpat quam pede lobortis ligula sit amet eleifend'),
(93, 'w drodze', 93, 'donec ut dolor morbi vel lectus in quam fringilla rhoncus mauris enim leo rhoncus sed vestibulum sit amet cursus'),
(94, 'dostarczone', 94, 'aenean lectus pellentesque eget nunc donec quis orci eget orci vehicula condimentum curabitur in'),
(95, 'dostarczone', 95, 'sapien cum sociis natoque penatibus et magnis dis parturient montes nascetur ridiculus mus etiam vel augue vestibulum rutrum rutrum neque'),
(96, 'w drodze', 96, 'sed justo pellentesque viverra pede ac diam cras pellentesque volutpat dui maecenas tristique est et tempus'),
(97, 'dostarczone', 97, 'dolor morbi vel lectus in quam fringilla rhoncus mauris enim'),
(98, 'w magazynie', 98, 'consequat in consequat ut nulla sed accumsan felis ut at dolor quis'),
(99, 'w magazynie', 99, 'in felis donec semper sapien a libero nam dui proin leo odio porttitor id consequat in'),
(100, 'oczekuje', 100, 'ultrices phasellus id sapien in sapien iaculis congue vivamus metus arcu adipiscing molestie');

INSERT INTO `drivers` (`Driver_ID`, `Imie`, `Nazwisko`, `Adres`, `Miejscowosc`, `Nr_tel`, `Email`, `Truck_ID`, `Job_position_ID`) VALUES
(1, 'Teodorico', 'Poleykett', '36 Bartelt Point', 'Gurgurnica', '414-359-5889', 'tpoleykett0@geocities.jp', 1, 1),
(2, 'Lizbeth', 'Dalyell', '216 Talmadge Drive', 'Chodów', '493-457-0907', 'ldalyell1@blog.com', 2, 1),
(3, 'Jodee', 'Hysom', '5 Morningstar Lane', 'Lutowiska', '491-673-4978', 'jhysom2@nytimes.com', 3, 1),
(4, 'Darrel', 'Meadway', '28 Clove Junction', 'Nikol’sk', '448-709-1316', 'dmeadway3@amazonaws.com', 4, 1),
(5, 'Hastie', 'Spiring', '1 Mcguire Drive', 'Sagud-Bahley', '944-759-8793', 'hspiring4@shinystat.com', 5, 1),
(6, 'Lisetta', 'Rowbrey', '3422 Continental Point', 'Piketberg', '692-570-0672', 'lrowbrey5@nba.com', 6, 1),
(7, 'Camellia', 'Banghe', '0 Delladonna Way', 'Kongsvinger', '930-193-6371', 'cbanghe6@redcross.org', 7, 1),
(8, 'Malynda', 'Chifney', '751 Blaine Street', 'Chelbasskaya', '580-803-9038', 'mchifney7@techcrunch.com', 8, 1),
(9, 'Meg', 'Fairbridge', '79 Gateway Center', 'Blerim', '631-507-9889', 'mfairbridge8@mapy.cz', 9, 1),
(10, 'Kara', 'Iacobini', '323 Sugar Park', 'Shambu', '389-278-8763', 'kiacobini9@goo.gl', 10, 1),
(11, 'Libby', 'Laughlan', '801 Ramsey Point', 'Stockholm', '153-717-4837', 'llaughlana@businessweek.com', 11, 1),
(12, 'Karlik', 'Myton', '55 Commercial Way', 'Kurumoch', '263-282-5687', 'kmytonb@google.co.jp', 12, 1),
(13, 'Danila', 'Rubinfajn', '54 Fairview Circle', 'Dahuangwei', '855-206-7606', 'drubinfajnc@cdc.gov', 13, 1),
(14, 'Charyl', 'Cescotti', '17749 Debs Alley', 'Kamennogorsk', '852-212-5139', 'ccescottid@storify.com', 14, 1),
(15, 'Rorie', 'Arnholz', '010 Del Sol Way', 'Volodymyrets’', '604-289-7253', 'rarnholze@google.co.jp', 15, 1),
(16, 'Brocky', 'Sivewright', '5 Village Way', 'London', '262-736-7629', 'bsivewrightf@berkeley.edu', 16, 1),
(17, 'Clem', 'Cloutt', '16849 Maple Way', 'Blimbing', '272-374-8470', 'cclouttg@hhs.gov', 17, 1),
(18, 'Edwina', 'Shouler', '6972 Westerfield Center', 'Rafaï', '119-591-4214', 'eshoulerh@epa.gov', 18, 1),
(19, 'Ginger', 'Burnett', '1916 Darwin Pass', 'Albany', '518-166-6829', 'gburnetti@walmart.com', 19, 1),
(20, 'Harman', 'Dungay', '96327 Armistice Street', 'Renliu', '195-628-0817', 'hdungayj@miibeian.gov.cn', 20, 1),
(21, 'Gaspard', 'Baynes', '028 Eastlawn Hill', 'Fier-Çifçi', '435-433-1525', 'gbaynesk@senate.gov', 21, 1),
(22, 'Traci', 'Danilewicz', '3477 Nobel Parkway', 'Cavalões', '902-605-5856', 'tdanilewiczl@comcast.net', 22, 1),
(23, 'Fawn', 'Belvin', '275 Mayer Circle', 'Masaguisi', '940-205-9932', 'fbelvinm@t-online.de', 23, 1),
(24, 'Anni', 'Alexandrescu', '3 Reindahl Terrace', 'Palalang', '242-826-1679', 'aalexandrescun@a8.net', 24, 1),
(25, 'Jard', 'Gitting', '1068 Delladonna Center', 'Xiaopingba', '830-324-7415', 'jgittingo@nydailynews.com', 25, 1),
(26, 'Kendricks', 'Izzat', '3 Sage Pass', 'Barengkok Hilir', '172-852-8459', 'kizzatp@jimdo.com', 26, 1),
(27, 'Lombard', 'Lavies', '3 Sage Street', 'Batakte', '346-695-5196', 'llaviesq@mapquest.com', 27, 1),
(28, 'Blondy', 'Rachuig', '80 Brentwood Alley', 'Khoa', '634-359-3620', 'brachuigr@census.gov', 28, 1),
(29, 'Barret', 'Ollerton', '43 Karstens Alley', 'Valparaíso', '528-220-8094', 'bollertons@printfriendly.com', 29, 1),
(30, 'Lucie', 'Ragsdall', '29888 Springs Way', 'Kamojimachō-jōgejima', '182-444-3231', 'lragsdallt@aol.com', 30, 1),
(31, 'Marjie', 'Sparrow', '873 Clarendon Circle', 'Nagaoka', '334-238-3025', 'msparrowu@howstuffworks.com', 31, 1),
(32, 'Goldarina', 'Pippard', '239 Tomscot Parkway', 'Garmo', '581-140-6192', 'gpippardv@skype.com', 32, 1),
(33, 'Sharona', 'Rees', '61704 Morningstar Junction', 'Noebana', '991-887-1930', 'sreesw@ow.ly', 33, 1),
(34, 'Gennie', 'Stocking', '053 School Court', 'Vasilikón', '489-663-9274', 'gstockingx@sfgate.com', 34, 1),
(35, 'Melinda', 'Daulby', '4262 Burning Wood Plaza', 'Cerro Colorado', '993-317-3020', 'mdaulbyy@globo.com', 35, 1),
(36, 'Jaimie', 'Rihanek', '612 Carberry Place', 'Tagdanua', '623-233-4650', 'jrihanekz@usnews.com', 36, 1),
(37, 'Wandie', 'Clurow', '1 Schmedeman Pass', 'Sulak', '558-892-9827', 'wclurow10@narod.ru', 37, 1),
(38, 'Flynn', 'D\'Aeth', '86877 Northport Avenue', 'Hacienda La Calera', '367-914-2648', 'fdaeth11@hibu.com', 38, 1),
(39, 'Edwin', 'Tourner', '62981 Huxley Plaza', 'Naftalan', '936-470-0472', 'etourner12@jalbum.net', 39, 1),
(40, 'Cara', 'Sproston', '8789 Main Parkway', 'Belūsovka', '941-118-9809', 'csproston13@netlog.com', 40, 1),
(41, 'Jayson', 'Edinburgh', '9 Dahle Trail', 'Tamra', '308-515-4394', 'jedinburgh14@opera.com', 41, 1),
(42, 'Germain', 'Saterweyte', '70 Goodland Pass', 'Şaḩam', '564-404-9222', 'gsaterweyte15@posterous.com', 42, 1),
(43, 'Imogen', 'Veschambes', '3 Continental Lane', 'Caibarién', '168-168-4189', 'iveschambes16@army.mil', 43, 1),
(44, 'Floyd', 'Armall', '95 Nevada Drive', 'Gibsons', '659-961-3556', 'farmall17@tuttocitta.it', 44, 1),
(45, 'Welby', 'Showt', '17742 Daystar Road', 'Newark', '973-340-8541', 'wshowt18@marketwatch.com', 45, 1),
(46, 'Jed', 'Lascelles', '4 Sundown Point', 'São José do Egito', '202-481-4103', 'jlascelles19@phpbb.com', 46, 1),
(47, 'Ermina', 'Ronci', '65668 Acker Drive', 'Rio de Janeiro', '374-647-0710', 'eronci1a@fema.gov', 47, 1),
(48, 'Adel', 'Caldayrou', '16 La Follette Parkway', 'Airmata', '976-837-7685', 'acaldayrou1b@nba.com', 48, 1),
(49, 'Sarina', 'Breckell', '31 Crownhardt Circle', 'Hedao', '212-365-0766', 'sbreckell1c@howstuffworks.com', 49, 1),
(50, 'Farlie', 'Yaakov', '05 Main Court', 'Jablah', '481-709-3823', 'fyaakov1d@netscape.com', 50, 1),
(51, 'Evelyn', 'Wallington', '560 Kensington Crossing', 'Sumuranyar', '585-594-1290', 'ewallington1e@ed.gov', 51, 1),
(52, 'Sheree', 'Beining', '5 Butternut Alley', 'Kotakaya Dua', '297-232-7082', 'sbeining1f@spiegel.de', 52, 1),
(53, 'Annelise', 'Scarrott', '55 Carberry Center', 'Thị Trấn Quế', '921-876-8114', 'ascarrott1g@goo.ne.jp', 53, 1),
(54, 'Margot', 'Shieber', '84 Bobwhite Way', 'Cáchira', '620-993-2700', 'mshieber1h@latimes.com', 54, 1),
(55, 'Kristofor', 'Gockeler', '117 Green Way', 'Końskowola', '697-484-8796', 'kgockeler1i@discovery.com', 55, 1),
(56, 'Vivyanne', 'Sleigh', '766 Moland Alley', 'Yanai', '807-237-4083', 'vsleigh1j@alexa.com', 56, 1),
(57, 'Alexandrina', 'Arrandale', '5978 Holmberg Plaza', 'Duli', '513-533-6925', 'aarrandale1k@amazon.co.jp', 57, 1),
(58, 'Jose', 'Menloe', '46908 Sachs Avenue', 'Linshui', '230-682-0552', 'jmenloe1l@berkeley.edu', 58, 1),
(59, 'Idelle', 'Siddaley', '5639 Norway Maple Street', 'Guozhuang', '694-990-3287', 'isiddaley1m@artisteer.com', 59, 1),
(60, 'Davie', 'Griffe', '36 Dixon Pass', 'Tsagaan-Olom', '871-105-2052', 'dgriffe1n@multiply.com', 60, 1),
(61, 'Veronika', 'Bittleson', '085 Waywood Park', 'Anilao', '818-290-4580', 'vbittleson1o@army.mil', 61, 1),
(62, 'Mel', 'Clowser', '88 Doe Crossing Park', 'Phu Kam Yao', '661-162-9861', 'mclowser1p@businessinsider.com', 62, 1),
(63, 'Noelyn', 'Loraine', '80328 Bartillon Circle', 'Shaoha', '612-735-0604', 'nloraine1q@about.com', 63, 1),
(64, 'Oralie', 'Turri', '090 Helena Pass', 'Garibaldi', '946-749-8228', 'oturri1r@vimeo.com', 64, 1),
(65, 'Jareb', 'Temple', '9529 Chive Circle', 'Miaotang', '118-579-6299', 'jtemple1s@google.com.br', 65, 1),
(66, 'Tucker', 'Elleyne', '56 Rieder Place', 'Cibunar', '976-515-5146', 'telleyne1t@jimdo.com', 66, 1),
(67, 'Rita', 'Cotty', '08 Fairview Trail', 'Ústí nad Labem', '836-186-2187', 'rcotty1u@reddit.com', 67, 1),
(68, 'Daniela', 'Swallow', '0631 5th Center', 'Changbai', '439-728-1768', 'dswallow1v@nyu.edu', 68, 1),
(69, 'Granthem', 'Probbing', '22027 Annamark Trail', 'Aurora', '303-303-0518', 'gprobbing1w@census.gov', 69, 1),
(70, 'Claire', 'Bunt', '4 Glendale Plaza', 'Tagbilaran City', '922-802-7079', 'cbunt1x@patch.com', 70, 1),
(71, 'Sherry', 'Fedynski', '9 Truax Center', 'Hetoudian', '855-203-7284', 'sfedynski1y@springer.com', 71, 1),
(72, 'Yasmeen', 'Twining', '622 Sunfield Center', 'Linxi', '819-898-0577', 'ytwining1z@usatoday.com', 72, 1),
(73, 'Verine', 'Shard', '9 Sloan Drive', 'Mombaça', '743-827-9223', 'vshard20@plala.or.jp', 73, 1),
(74, 'Addison', 'Dixson', '0986 Jenna Circle', 'Rio Claro', '944-121-5831', 'adixson21@ucoz.com', 74, 1),
(75, 'Julie', 'Skeats', '00404 Westridge Hill', 'Metković', '165-944-8150', 'jskeats22@creativecommons.org', 75, 1),
(76, 'Deena', 'Moultrie', '4270 Elgar Junction', 'Rosso', '758-752-0065', 'dmoultrie23@squidoo.com', 76, 1),
(77, 'Cam', 'Deverell', '1 Stone Corner Point', 'Lyon', '338-639-0603', 'cdeverell24@adobe.com', 77, 1),
(78, 'Nichol', 'Lissemore', '18183 Rockefeller Crossing', 'Jasper Park Lodge', '141-958-0637', 'nlissemore25@alexa.com', 78, 1),
(79, 'Xerxes', 'Taffarello', '76 Sheridan Pass', 'Cañasgordas', '430-134-6979', 'xtaffarello26@aboutads.info', 79, 1),
(80, 'Marc', 'Uc', '7 Talmadge Center', 'Martapura', '791-285-2808', 'muc27@sciencedaily.com', 80, 1),
(81, 'Felicle', 'Hinsche', '839 Dennis Lane', 'João Câmara', '695-882-2494', 'fhinsche28@dot.gov', 81, 1),
(82, 'Rubi', 'Caddell', '9615 Messerschmidt Place', 'Abucayan', '562-454-3162', 'rcaddell29@omniture.com', 82, 1),
(83, 'Caressa', 'Runnalls', '70150 Chinook Plaza', 'Xianghuaqiao', '263-108-6913', 'crunnalls2a@cnn.com', 83, 1),
(84, 'Noami', 'Tolle', '95185 Dovetail Parkway', 'Nagpandayan', '794-331-9649', 'ntolle2b@google.de', 84, 1),
(85, 'Noll', 'Stickley', '92 Randy Center', 'Larangan', '970-190-9803', 'nstickley2c@amazon.co.jp', 85, 1),
(86, 'Ardith', 'Jacmard', '02846 Oak Valley Plaza', 'Kainan', '549-430-0631', 'ajacmard2d@smugmug.com', 86, 1),
(87, 'Katti', 'Dulen', '51950 International Avenue', 'Titao', '152-461-6956', 'kdulen2e@angelfire.com', 87, 1),
(88, 'Faunie', 'Scotchforth', '80119 Lakewood Gardens Lane', 'Lwówek Śląski', '639-625-9253', 'fscotchforth2f@house.gov', 88, 1),
(89, 'Archibold', 'Mallabar', '5694 Stone Corner Avenue', 'Lila', '197-574-9424', 'amallabar2g@si.edu', 89, 1),
(90, 'Sybilla', 'Hynd', '0856 Grayhawk Center', 'Komsomol’sk', '902-688-3961', 'shynd2h@last.fm', 90, 1),
(91, 'Bud', 'Grocutt', '58 Hagan Trail', 'Hengpi', '697-745-0265', 'bgrocutt2i@is.gd', 91, 1),
(92, 'Misti', 'Voysey', '9962 Doe Crossing Plaza', 'Mandala', '324-676-2446', 'mvoysey2j@goodreads.com', 92, 1),
(93, 'Lonnie', 'Mc Gee', '9997 Mayfield Circle', 'Berber', '947-711-2379', 'lmcgee2k@irs.gov', 93, 1),
(94, 'Sanders', 'Mustill', '5796 Express Street', 'Reshui', '759-181-8077', 'smustill2l@forbes.com', 94, 1),
(95, 'Kale', 'Bullingham', '823 School Street', 'Sertânia', '846-360-6364', 'kbullingham2m@washingtonpost.com', 95, 1),
(96, 'Jewel', 'Southerill', '3405 Sullivan Parkway', 'Heihe', '127-191-4489', 'jsoutherill2n@jiathis.com', 96, 1),
(97, 'Janeen', 'Feirn', '03 Sutteridge Drive', 'Sedan', '694-679-9771', 'jfeirn2o@tumblr.com', 97, 1),
(98, 'Franciska', 'Cultcheth', '3 Parkside Lane', 'Dukuhsawah', '170-236-8688', 'fcultcheth2p@ifeng.com', 98, 1),
(99, 'Anet', 'Meys', '1 Daystar Terrace', 'Bacabal', '267-477-5755', 'ameys2q@bravesites.com', 99, 1),
(100, 'Roshelle', 'Jellybrand', '1807 Shopko Road', 'Otlja', '920-768-4297', 'rjellybrand2r@storify.com', 100, 1);

INSERT INTO `employees` (`Employee_ID`, `Imie`, `Nazwisko`, `Email`, `Plec`, `Nr_tel`, `Miejscowosc`, `Adres`, `Job_position_ID`) VALUES
(1, 'Spencer', 'Hoofe', 'shoofe0@msn.com', 'Male', '268-460-5677', 'Lourido', '57648 Homewood Junction', 3),
(2, 'Skippy', 'Whorf', 'swhorf1@geocities.com', 'Male', '373-983-0078', 'Mlaka pri Kranju', '85 Linden Crossing', 4),
(3, 'Noak', 'Comelini', 'ncomelini2@deliciousdays.com', 'Male', '884-168-8449', 'Jelat', '835 Delaware Avenue', 3),
(4, 'Shannon', 'Juett', 'sjuett3@miibeian.gov.cn', 'Female', '961-307-2568', 'Talun', '04 Gateway Place', 7),
(5, 'Sally', 'Starmore', 'sstarmore4@loc.gov', 'Female', '202-185-3947', 'Washington', '136 Mayfield Avenue', 7),
(6, 'Olly', 'Stanyforth', 'ostanyforth5@jigsy.com', 'Polygender', '214-899-7906', 'Novhorod-Sivers’kyy', '1 Kropf Place', 5),
(7, 'Janeva', 'McAnalley', 'jmcanalley6@sina.com.cn', 'Female', '698-396-7091', 'Tongjing', '01 Northridge Street', 9),
(8, 'Beau', 'Gosby', 'bgosby7@bloglovin.com', 'Male', '811-388-9833', 'Changzheng', '5703 Valley Edge Place', 10),
(9, 'Irina', 'Gerrietz', 'igerrietz8@bizjournals.com', 'Female', '844-239-1859', 'Shishi', '1 Shopko Circle', 8),
(10, 'Laurent', 'Lesper', 'llesper9@washington.edu', 'Male', '135-575-4728', 'Jiuxian', '0812 Kipling Way', 5),
(11, 'Laney', 'Ramel', 'lramela@hatena.ne.jp', 'Male', '824-203-9228', 'Al Qiţena', '9004 Lerdahl Lane', 10),
(12, 'Aymer', 'Skully', 'askullyb@indiatimes.com', 'Non-binary', '352-129-0060', 'Solna', '0338 6th Crossing', 4),
(13, 'Clare', 'Olifard', 'colifardc@fc2.com', 'Male', '996-312-0910', 'Loučovice', '27 Chinook Plaza', 5),
(14, 'Arvy', 'Hunday', 'ahundayd@vk.com', 'Polygender', '926-330-1267', 'Bakung Utara', '5074 Shopko Crossing', 2),
(15, 'Stephanie', 'Lozano', 'slozanoe@utexas.edu', 'Female', '271-693-1751', 'Boulogne-Billancourt', '97 Caliangt Place', 8),
(16, 'Stacee', 'Shurey', 'sshureyf@chron.com', 'Male', '787-310-3887', 'Sasovo', '00 Hollow Ridge Park', 6),
(17, 'Krisha', 'Cutmere', 'kcutmereg@theglobeandmail.com', 'Male', '787-791-4405', 'Kireyevsk', '70 Sunfield Lane', 6),
(18, 'Boris', 'O\'Carmody', 'bocarmodyh@usa.gov', 'Male', '767-958-2564', 'Bakalang', '82 Cherokee Street', 3),
(19, 'Yurik', 'Waine', 'ywainei@skyrock.com', 'Male', '879-809-1708', 'Bojongnangka', '4 Oneill Plaza', 3),
(20, 'Walt', 'Garratt', 'wgarrattj@amazonaws.com', 'Male', '298-717-3986', 'Isiolo', '3253 Claremont Hill', 2),
(21, 'Ciel', 'Groombridge', 'cgroombridgek@nih.gov', 'Female', '779-135-2247', 'Sikeshu', '96 American Ash Park', 3),
(22, 'Myrna', 'Crummey', 'mcrummeyl@dailymotion.com', 'Female', '130-533-1342', 'Gävle', '58 Ramsey Terrace', 8),
(23, 'Leona', 'Giovanni', 'lgiovannim@slashdot.org', 'Female', '214-800-7218', 'Yangqiao', '4 Loomis Hill', 5),
(24, 'Nicol', 'Alleyn', 'nalleynn@bloomberg.com', 'Male', '720-190-4722', 'Sudimara', '84 Hansons Way', 8),
(25, 'Byron', 'Vezey', 'bvezeyo@hud.gov', 'Male', '705-535-8538', 'Serrana', '796 Cambridge Circle', 4),
(26, 'Netti', 'Matsell', 'nmatsellp@over-blog.com', 'Female', '870-224-3834', 'San Nicolás de los Arroyos', '9700 Texas Junction', 5),
(27, 'Chrysa', 'McQuillen', 'cmcquillenq@shinystat.com', 'Polygender', '849-532-4327', 'Paldit', '4885 Jenna Center', 9),
(28, 'Marketa', 'Fildes', 'mfildesr@ocn.ne.jp', 'Female', '593-389-4280', 'Forshaga', '93792 Reinke Street', 9),
(29, 'Henrik', 'Coxall', 'hcoxalls@canalblog.com', 'Male', '758-325-7903', 'Mococa', '6 Lotheville Pass', 4),
(30, 'Red', 'Domenici', 'rdomenicit@studiopress.com', 'Male', '708-463-9149', 'Darvi', '25 Pond Junction', 6),
(31, 'Derron', 'Eccleshare', 'deccleshareu@slate.com', 'Male', '658-379-0676', 'Yunmenling', '3870 Troy Place', 3),
(32, 'Phelia', 'Selwyne', 'pselwynev@so-net.ne.jp', 'Female', '284-286-8944', 'Kudang', '447 Cambridge Court', 3),
(33, 'Kass', 'Brumfitt', 'kbrumfittw@indiegogo.com', 'Female', '727-776-5999', 'Malinaw', '8247 Mendota Pass', 10),
(34, 'Delbert', 'Nattriss', 'dnattrissx@bluehost.com', 'Male', '367-597-9311', 'Tambakrejo', '466 Redwing Plaza', 10),
(35, 'Alexandr', 'Gynni', 'agynniy@imageshack.us', 'Male', '298-611-2529', 'Karanganyar', '35 Wayridge Street', 5),
(36, 'Teena', 'Creany', 'tcreanyz@ebay.com', 'Female', '901-461-3744', 'Laolong', '1463 Pankratz Junction', 5),
(37, 'Sterne', 'Roust', 'sroust10@stumbleupon.com', 'Male', '573-521-1910', 'Dukuhmencek Lor', '51414 Pennsylvania Way', 7),
(38, 'Olivette', 'Plackstone', 'oplackstone11@walmart.com', 'Female', '149-240-2171', 'Póvoa', '03093 Melby Hill', 7),
(39, 'Alexander', 'Skeel', 'askeel12@mozilla.org', 'Male', '405-176-6851', 'Roissy Charles-de-Gaulle', '25 Twin Pines Terrace', 5),
(40, 'Averell', 'Pedgrift', 'apedgrift13@nbcnews.com', 'Genderqueer', '925-522-6336', 'Kushchëvskaya', '283 American Ash Street', 4),
(41, 'Wanids', 'Minihan', 'wminihan14@blogtalkradio.com', 'Female', '203-977-3302', 'Krzemieniewo', '8536 Florence Road', 2),
(42, 'Valle', 'Tregenna', 'vtregenna15@pinterest.com', 'Male', '158-394-4148', 'Mathambgwane', '0369 Miller Parkway', 7),
(43, 'Corissa', 'Sine', 'csine16@zdnet.com', 'Female', '441-913-4666', 'Përmet', '4957 Jenna Avenue', 4),
(44, 'Suzie', 'Colleran', 'scolleran17@home.pl', 'Female', '593-979-7569', 'Cantuk Kidul', '94257 Westend Trail', 6),
(45, 'Amelina', 'Hanvey', 'ahanvey18@economist.com', 'Female', '630-686-4863', 'Sudogda', '8 Westridge Court', 9),
(46, 'Raquela', 'Olden', 'rolden19@independent.co.uk', 'Female', '572-811-3724', 'Deauville', '578 Ruskin Street', 3),
(47, 'Caitrin', 'Ethington', 'cethington1a@com.com', 'Female', '360-971-2240', 'Susunan', '1767 Stang Road', 6),
(48, 'Ernestus', 'Elrick', 'eelrick1b@ow.ly', 'Male', '834-159-5473', 'Bazi', '99 Lerdahl Park', 10),
(49, 'Arturo', 'Scarman', 'ascarman1c@shop-pro.jp', 'Male', '762-902-7145', 'Kholbon', '8 Del Mar Lane', 9),
(50, 'Prent', 'Govett', 'pgovett1d@foxnews.com', 'Male', '950-389-0907', 'Ojo de Agua', '75 Dakota Hill', 9),
(51, 'Ilka', 'Lippi', 'ilippi1e@apache.org', 'Female', '889-655-2386', 'Mbaïki', '6075 Merrick Circle', 6),
(52, 'Jareb', 'Matuszyk', 'jmatuszyk1f@xing.com', 'Male', '936-165-7153', 'Borodinskiy', '51 Southridge Place', 6),
(53, 'Drusy', 'Zecchetti', 'dzecchetti1g@tumblr.com', 'Female', '732-878-5139', 'Morro do Chapéu', '7 Pierstorff Street', 10),
(54, 'Penn', 'Heathfield', 'pheathfield1h@bing.com', 'Male', '471-756-3146', 'Chang’an', '7775 Utah Alley', 6),
(55, 'Catlee', 'Antcliff', 'cantcliff1i@wp.com', 'Female', '126-685-9154', 'Lagunillas', '1409 Thierer Trail', 5),
(56, 'Dick', 'Dragoe', 'ddragoe1j@barnesandnoble.com', 'Genderqueer', '634-727-4632', 'Mae Fa Luang', '5 Northview Junction', 2),
(57, 'Glyn', 'Urion', 'gurion1k@aol.com', 'Male', '798-111-2820', 'Guanfang', '150 Fairview Park', 7),
(58, 'Briney', 'Dillistone', 'bdillistone1l@nps.gov', 'Female', '443-857-2004', 'Gasan', '5758 Grover Trail', 6),
(59, 'Mata', 'Dickerson', 'mdickerson1m@nbcnews.com', 'Male', '213-119-7098', 'Los Angeles', '1 Gale Way', 8),
(60, 'Chery', 'Naden', 'cnaden1n@phoca.cz', 'Female', '762-371-0149', 'Karukh', '3 Anderson Place', 6),
(61, 'Karim', 'Label', 'klabel1o@webeden.co.uk', 'Male', '857-186-9154', 'Ocuviri', '4 Blaine Plaza', 10),
(62, 'Glennis', 'Shannon', 'gshannon1p@answers.com', 'Female', '591-446-3409', 'Purranque', '14 Kensington Court', 10),
(63, 'Dorene', 'Paice', 'dpaice1q@timesonline.co.uk', 'Female', '867-761-7350', 'Bukonyo', '9322 Myrtle Trail', 7),
(64, 'Darelle', 'Crayke', 'dcrayke1r@bizjournals.com', 'Female', '557-603-4259', 'Shuiyuan', '99 Heffernan Parkway', 7),
(65, 'Alexandros', 'Birth', 'abirth1s@deviantart.com', 'Male', '690-819-1891', 'Wonosari', '35 Maple Way', 10),
(66, 'Bamby', 'Gyves', 'bgyves1t@amazon.de', 'Female', '111-399-7301', 'Hola Prystan’', '65 Ilene Circle', 3),
(67, 'Nataline', 'Leadbeatter', 'nleadbeatter1u@cnbc.com', 'Female', '881-706-8947', 'RMI Capitol', '54295 Almo Pass', 5),
(68, 'Gannie', 'Shevill', 'gshevill1v@friendfeed.com', 'Male', '883-887-8138', 'Miliangju', '7 Bunting Center', 7),
(69, 'Neil', 'Locks', 'nlocks1w@digg.com', 'Male', '337-548-8767', 'Vilhena', '1 Waubesa Trail', 4),
(70, 'Donovan', 'Paulat', 'dpaulat1x@etsy.com', 'Male', '845-250-5189', 'Leiwang', '36878 Gulseth Alley', 7),
(71, 'Nadya', 'Arnao', 'narnao1y@phpbb.com', 'Female', '850-977-5559', 'Alikalia', '7011 Dakota Park', 8),
(72, 'Dionis', 'Paulucci', 'dpaulucci1z@amazon.co.uk', 'Female', '612-113-1454', 'Minneapolis', '90879 Express Road', 9),
(73, 'Osmond', 'McAirt', 'omcairt20@oakley.com', 'Male', '912-976-4703', 'Villefranche-sur-Mer', '78 Thackeray Terrace', 9),
(74, 'Stephana', 'McElhinney', 'smcelhinney21@facebook.com', 'Female', '799-578-3438', 'Honglai', '5 Vidon Parkway', 7),
(75, 'Tome', 'Oldmeadow', 'toldmeadow22@so-net.ne.jp', 'Male', '106-828-3646', 'Cairo', '4 Grasskamp Point', 5),
(76, 'Max', 'Linham', 'mlinham23@i2i.jp', 'Female', '490-507-4780', 'Reims', '08279 Summerview Park', 4),
(77, 'Amby', 'Milson', 'amilson24@hubpages.com', 'Male', '822-502-6900', 'Sovetskaya', '2454 Schlimgen Alley', 6),
(78, 'Fidole', 'Johl', 'fjohl25@ifeng.com', 'Male', '751-583-3316', 'Thawat Buri', '0681 Shasta Lane', 2),
(79, 'Stu', 'Haggeth', 'shaggeth26@aboutads.info', 'Non-binary', '871-167-7285', 'Ban Khlong Bang Sao Thong', '8 Novick Pass', 8),
(80, 'Paquito', 'Dasent', 'pdasent27@a8.net', 'Male', '320-635-5581', 'Gyigang', '737 Stang Junction', 4),
(81, 'Kacey', 'Jarmaine', 'kjarmaine28@usnews.com', 'Female', '327-317-8320', 'Timrat', '8681 Westridge Street', 4),
(82, 'Armin', 'Franek', 'afranek29@a8.net', 'Male', '969-212-3524', 'Zarzal', '235 Declaration Pass', 2),
(83, 'Opalina', 'Maidlow', 'omaidlow2a@webnode.com', 'Female', '168-581-9120', 'Berezivka', '736 Nelson Alley', 2),
(84, 'Albert', 'Papworth', 'apapworth2b@youku.com', 'Male', '893-476-9466', 'Cimo de Vila', '348 Crowley Drive', 3),
(85, 'Holly', 'Scopyn', 'hscopyn2c@abc.net.au', 'Non-binary', '782-975-1076', 'Pardesiyya', '0 Cody Street', 10),
(86, 'Adamo', 'Blanchflower', 'ablanchflower2d@furl.net', 'Agender', '718-467-6945', 'Somdet', '06 Oak Valley Parkway', 4),
(87, 'Sax', 'Felderer', 'sfelderer2e@opera.com', 'Male', '474-151-7266', 'New Shagunnu', '42942 Cordelia Park', 5),
(88, 'Blancha', 'Schimke', 'bschimke2f@sbwire.com', 'Female', '896-439-3227', 'Bandar Pusat Jengka', '39873 Mockingbird Trail', 2),
(89, 'Tom', 'Frankis', 'tfrankis2g@google.ru', 'Male', '826-409-5520', 'Myadzyel', '3674 Eggendart Way', 3),
(90, 'Portia', 'Ginty', 'pginty2h@ask.com', 'Female', '261-354-2496', 'Baita', '358 Division Park', 8),
(91, 'Katti', 'Schuck', 'kschuck2i@tripod.com', 'Female', '366-156-8867', 'Xialu', '49140 Annamark Parkway', 2),
(92, 'Jacobo', 'Fuggles', 'jfuggles2j@ox.ac.uk', 'Male', '920-306-4320', 'Bełk', '601 Northport Hill', 9),
(93, 'Ernesta', 'Cubbon', 'ecubbon2k@patch.com', 'Female', '356-747-4899', 'Brikcha', '74 Forest Run Crossing', 4),
(94, 'Judd', 'Grubey', 'jgrubey2l@utexas.edu', 'Male', '910-381-7707', 'Klimovsk', '8441 Village Way', 7),
(95, 'Derron', 'Corragan', 'dcorragan2m@fc2.com', 'Male', '409-391-0425', 'Ohafia-Ifigh', '8 Comanche Road', 9),
(96, 'Floyd', 'Bodocs', 'fbodocs2n@twitter.com', 'Male', '288-301-0302', 'Iguape', '17771 Northwestern Lane', 4),
(97, 'Denys', 'Mathiot', 'dmathiot2o@chicagotribune.com', 'Female', '194-783-0169', 'Kondoa', '87864 3rd Parkway', 2),
(98, 'Salem', 'Spadelli', 'sspadelli2p@gmpg.org', 'Male', '182-613-7120', 'Lichengdao', '11 Amoth Alley', 9),
(99, 'Adora', 'Coleman', 'acoleman2q@economist.com', 'Female', '848-184-4855', 'Fubin', '05178 Stang Pass', 2),
(100, 'Micky', 'Guihen', 'mguihen2r@slashdot.org', 'Male', '465-776-1368', 'La Ronge', '5237 Basil Alley', 10);

INSERT INTO `freelancers` (`Freelancer_ID`, `Imie`, `Nazwisko`, `Adres`, `Miejscowosc`, `Nr_tel`, `Email`, `Job_position_ID`) VALUES
(1, 'Charmain', 'McGoldrick', '4 Oak Valley Point', 'Mūdīyah', '379-705-8361', 'cmcgoldrick0@zimbio.com', 1),
(2, 'Barnie', 'Guice', '5095 Bayside Pass', 'Nichinan', '423-698-1027', 'bguice1@fema.gov', 1),
(3, 'Aubrette', 'Poolton', '8999 Kings Parkway', 'Guanhães', '911-620-4952', 'apoolton2@pcworld.com', 1),
(4, 'Felicio', 'Jozefczak', '61 Riverside Park', 'Cochrane', '355-270-1379', 'fjozefczak3@phpbb.com', 1),
(5, 'Elnar', 'Demsey', '6 Kropf Plaza', 'Bicaj', '151-214-9339', 'edemsey4@samsung.com', 1),
(6, 'Bari', 'Ellit', '850 Graceland Hill', 'Danderyd', '100-885-2704', 'bellit5@oakley.com', 1),
(7, 'Gordy', 'Memmory', '8 Lunder Junction', 'Alejal', '256-519-1635', 'gmemmory6@nytimes.com', 1),
(8, 'Darelle', 'Birkbeck', '22711 Fairfield Drive', 'San Fernando de Monte Cristi', '149-929-2901', 'dbirkbeck7@xinhuanet.com', 1),
(9, 'Augie', 'Pala', '66 Vera Circle', 'Petrodvorets', '162-829-7316', 'apala8@purevolume.com', 1),
(10, 'Wiatt', 'Ferie', '590 Barby Center', 'Puji', '484-672-1484', 'wferie9@independent.co.uk', 1),
(11, 'Cherie', 'Guilayn', '7463 Petterle Road', 'La Purisima', '306-931-3390', 'cguilayna@geocities.jp', 1),
(12, 'Nona', 'Lardeur', '46 Prentice Avenue', 'Seremban', '459-416-8431', 'nlardeurb@examiner.com', 1),
(13, 'Morganica', 'Diplock', '78800 Thompson Place', 'Lancai', '900-407-7049', 'mdiplockc@hexun.com', 1),
(14, 'Bliss', 'Absalom', '18 Clove Center', 'Plyussa', '643-461-7365', 'babsalomd@blog.com', 1),
(15, 'Felecia', 'Trainer', '43 Cody Street', 'Tanumshede', '158-415-7739', 'ftrainere@sogou.com', 1),
(16, 'Lion', 'Posthill', '16 Acker Junction', 'Normandin', '427-777-5009', 'lposthillf@taobao.com', 1),
(17, 'Meredith', 'Aire', '35407 Sheridan Road', 'Auch', '139-893-4701', 'maireg@nps.gov', 1),
(18, 'Hewitt', 'Buddles', '700 Union Parkway', 'Sundsvall', '320-422-2530', 'hbuddlesh@themeforest.net', 1),
(19, 'Donnie', 'Perrinchief', '3123 Tomscot Pass', 'Sihai', '709-896-8705', 'dperrinchiefi@blogger.com', 1),
(20, 'Diahann', 'Sketch', '5 Warner Circle', 'Abucay', '679-452-1232', 'dsketchj@sciencedirect.com', 1),
(21, 'Cheryl', 'Shieldon', '18666 Burrows Place', 'Burūm', '950-537-9718', 'cshieldonk@gmpg.org', 1),
(22, 'Augustina', 'Cashell', '3 Bellgrove Trail', 'Tianjin', '446-717-8514', 'acashelll@altervista.org', 1),
(23, 'Hammad', 'Fatkin', '36 3rd Court', 'Chernukha', '575-976-8321', 'hfatkinm@angelfire.com', 1),
(24, 'Andreana', 'Babonau', '22 Hauk Junction', 'Dordrecht', '241-274-5509', 'ababonaun@berkeley.edu', 1),
(25, 'Jaquith', 'Bailiss', '5343 Golf Park', 'Stalowa Wola', '462-939-2149', 'jbailisso@samsung.com', 1),
(26, 'Harriott', 'Lightman', '8574 Roth Court', 'Argelia', '303-527-3849', 'hlightmanp@guardian.co.uk', 1),
(27, 'Sid', 'Hammarberg', '34 Muir Way', 'Sebedo', '830-910-4222', 'shammarbergq@nbcnews.com', 1),
(28, 'Fin', 'Matzen', '2 Express Trail', 'Kremenets’', '737-688-6322', 'fmatzenr@squidoo.com', 1),
(29, 'Fons', 'Walworth', '04 Ridge Oak Park', 'Ciputih', '159-919-7711', 'fwalworths@java.com', 1),
(30, 'Valma', 'Figure', '8 Tennessee Parkway', 'Zhenzhushan', '570-345-7680', 'vfiguret@mayoclinic.com', 1),
(31, 'Cheston', 'Boissieux', '74 Spaight Road', 'La Molina', '990-705-2157', 'cboissieuxu@delicious.com', 1),
(32, 'Lyssa', 'Cellone', '365 Old Shore Junction', 'Melbourne', '321-976-2500', 'lcellonev@exblog.jp', 1),
(33, 'Eleni', 'Steinham', '9209 Independence Place', 'Dalar', '467-405-9098', 'esteinhamw@a8.net', 1),
(34, 'Dannel', 'Bastick', '0513 Bartillon Hill', 'Hotonj', '410-424-0870', 'dbastickx@hubpages.com', 1),
(35, 'Niven', 'Annetts', '34550 Arizona Avenue', 'San Jose', '488-513-4900', 'nannettsy@berkeley.edu', 1),
(36, 'Edmund', 'Hogsden', '8 Farwell Park', 'Cisompet', '573-308-1260', 'ehogsdenz@cafepress.com', 1),
(37, 'Leoine', 'Nanuccioi', '7355 Eliot Hill', 'Kiloloran', '333-522-7947', 'lnanuccioi10@webs.com', 1),
(38, 'Kare', 'Huxham', '7 Tennessee Parkway', 'Lawrenceville', '404-728-7637', 'khuxham11@constantcontact.com', 1),
(39, 'Fernanda', 'Daburn', '94482 Meadow Vale Trail', 'Ashcroft', '426-486-3917', 'fdaburn12@noaa.gov', 1),
(40, 'Cornie', 'Ives', '4090 Homewood Circle', 'Varazqān', '317-275-8651', 'cives13@last.fm', 1),
(41, 'Bibbye', 'Spratt', '60008 Sullivan Center', 'La Plaine-Saint-Denis', '919-210-3575', 'bspratt14@cisco.com', 1),
(42, 'Shelton', 'Raffan', '5566 Laurel Park', 'Mâcon', '349-612-7610', 'sraffan15@slate.com', 1),
(43, 'Reg', 'Crotch', '15390 Raven Pass', 'Parenggan', '803-878-7282', 'rcrotch16@cloudflare.com', 1),
(44, 'Gradeigh', 'Linay', '9343 Dapin Trail', 'Ljig', '426-614-2161', 'glinay17@dagondesign.com', 1),
(45, 'Etienne', 'Yellowlees', '0092 Main Terrace', 'Mirovice', '434-727-2763', 'eyellowlees18@cargocollective.com', 1),
(46, 'Madelaine', 'Langcaster', '9932 Talisman Terrace', 'Warungtanjung', '798-563-4002', 'mlangcaster19@admin.ch', 1),
(47, 'Stormie', 'Burnsyde', '50958 Kim Terrace', 'La Celia', '166-489-4596', 'sburnsyde1a@sun.com', 1),
(48, 'Tildie', 'Keller', '678 Dwight Court', 'Kentongan', '662-502-4478', 'tkeller1b@bandcamp.com', 1),
(49, 'Jeri', 'Schleswig-Holstein', '3967 Farwell Way', 'Hanamaki', '406-674-7538', 'jschleswigholstein1c@cmu.edu', 1),
(50, 'Conny', 'Biswell', '615 Golden Leaf Alley', 'Laval', '732-849-2113', 'cbiswell1d@wikispaces.com', 1),
(51, 'Hannie', 'Silversmid', '03084 Schlimgen Center', 'Yangkang', '333-888-0899', 'hsilversmid1e@drupal.org', 1),
(52, 'Irena', 'Somerlie', '471 Northfield Park', 'Ramanavichy', '105-156-7291', 'isomerlie1f@imgur.com', 1),
(53, 'Darrelle', 'Amy', '8 Reinke Road', 'Minji', '548-181-7321', 'damy1g@discuz.net', 1),
(54, 'Libbie', 'Sibille', '6814 Lawn Parkway', 'Amieira', '277-460-1413', 'lsibille1h@boston.com', 1),
(55, 'Deloris', 'Picot', '791 Schlimgen Park', 'Peski', '466-795-9337', 'dpicot1i@bloglovin.com', 1),
(56, 'Catharina', 'Liddy', '5 Ryan Point', 'Nancang', '946-324-9774', 'cliddy1j@spotify.com', 1),
(57, 'Vinny', 'Orhrt', '3501 Northview Alley', 'Rognedino', '627-995-8114', 'vorhrt1k@wiley.com', 1),
(58, 'Sarette', 'Rawstron', '63 Montana Crossing', 'Santo Amador', '901-405-0411', 'srawstron1l@patch.com', 1),
(59, 'Ede', 'Pickover', '9517 Manley Hill', 'Krajan', '243-672-2417', 'epickover1m@ucsd.edu', 1),
(60, 'Margarita', 'Jacox', '474 Sutherland Hill', 'Sokolnice', '201-953-0136', 'mjacox1n@craigslist.org', 1),
(61, 'Loise', 'MacGilmartin', '7018 Arizona Junction', 'Palayan City', '561-880-0279', 'lmacgilmartin1o@istockphoto.com', 1),
(62, 'Ola', 'Bragginton', '21 Manitowish Point', 'Castro', '295-825-4303', 'obragginton1p@ask.com', 1),
(63, 'Wilburt', 'Doward', '676 Trailsway Parkway', 'Reggio Calabria', '266-285-6022', 'wdoward1q@cpanel.net', 1),
(64, 'Nell', 'Frankton', '56 Leroy Plaza', 'Magepanda', '803-539-4072', 'nfrankton1r@ycombinator.com', 1),
(65, 'Jeanna', 'Vedyasov', '7944 Fordem Plaza', 'Bagay', '154-701-4522', 'jvedyasov1s@phpbb.com', 1),
(66, 'Sollie', 'Mylechreest', '86 Grasskamp Point', 'Kizil', '933-469-5000', 'smylechreest1t@cbc.ca', 1),
(67, 'Agnola', 'Marchello', '52788 Bluejay Street', 'Revava', '201-293-2752', 'amarchello1u@twitpic.com', 1),
(68, 'Reggy', 'Caccavale', '0 Loeprich Court', 'Fairview', '998-545-1569', 'rcaccavale1v@mysql.com', 1),
(69, 'Louisette', 'Dilks', '88255 Elgar Court', 'Hpa-an', '193-498-0355', 'ldilks1w@paypal.com', 1),
(70, 'Susanne', 'Godmar', '7267 Jana Lane', 'Sunja', '888-635-1183', 'sgodmar1x@goodreads.com', 1),
(71, 'Annaliese', 'Lawman', '2 Westridge Terrace', 'Talanga', '901-931-6068', 'alawman1y@reverbnation.com', 1),
(72, 'Rickey', 'Baylie', '1367 Longview Crossing', 'Aozai', '674-400-0401', 'rbaylie1z@imgur.com', 1),
(73, 'Bobby', 'Digwood', '30231 Almo Point', 'Yên Lập', '892-917-4231', 'bdigwood20@harvard.edu', 1),
(74, 'Abeu', 'Dehm', '05 Clove Way', 'Eirado', '758-181-0036', 'adehm21@qq.com', 1),
(75, 'Ora', 'Lente', '7 Valley Edge Parkway', 'Gotputuk', '477-816-7645', 'olente22@arstechnica.com', 1),
(76, 'Emile', 'Ellacombe', '07074 Golf Court', 'Prelog', '244-480-5316', 'eellacombe23@gov.uk', 1),
(77, 'Nixie', 'Sagg', '7880 Green Hill', 'Colima', '187-570-1872', 'nsagg24@bluehost.com', 1),
(78, 'Valerie', 'Yakhin', '6 Pine View Place', 'Las Terrenas', '865-297-4652', 'vyakhin25@nih.gov', 1),
(79, 'Alexa', 'Cottrill', '96825 Burrows Place', 'Karpokhórion', '275-355-9856', 'acottrill26@businesswire.com', 1),
(80, 'Aggie', 'Chuney', '92790 Brentwood Lane', 'Porta', '545-956-4775', 'achuney27@princeton.edu', 1),
(81, 'Sophia', 'Tattersdill', '741 Brentwood Center', 'Batsari', '422-649-9678', 'stattersdill28@dot.gov', 1),
(82, 'Dacia', 'Burnell', '9 Transport Center', 'Skärholmen', '333-409-2597', 'dburnell29@cbsnews.com', 1),
(83, 'Lancelot', 'Tefft', '36 Pine View Junction', 'Shawnee Mission', '913-781-9493', 'ltefft2a@desdev.cn', 1),
(84, 'Annabela', 'Van Halle', '963 Fuller Center', 'Burrel', '639-458-4525', 'avanhalle2b@sourceforge.net', 1),
(85, 'Cy', 'Lowder', '0951 Longview Hill', 'Güira de Melena', '307-610-8656', 'clowder2c@stanford.edu', 1),
(86, 'Florenza', 'Penddreth', '60989 Badeau Drive', 'Kafue', '894-814-5830', 'fpenddreth2d@mac.com', 1),
(87, 'Francis', 'Rothman', '5364 Spohn Lane', 'Viškovci', '291-339-3463', 'frothman2e@shutterfly.com', 1),
(88, 'Dania', 'Deneve', '3 Macpherson Drive', 'Polje', '682-884-1024', 'ddeneve2f@cdbaby.com', 1),
(89, 'Wilhelmina', 'Siderfin', '2791 Weeping Birch Center', 'Banja Luka', '890-569-9243', 'wsiderfin2g@networksolutions.com', 1),
(90, 'Mariellen', 'Geaveny', '9423 Ryan Crossing', 'Kotel’va', '678-236-7448', 'mgeaveny2h@nba.com', 1),
(91, 'Keir', 'Power', '0206 Kinsman Trail', 'Sestroretsk', '830-520-9305', 'kpower2i@mysql.com', 1),
(92, 'Merci', 'Degue', '98023 Memorial Point', 'Liudong', '875-921-7774', 'mdegue2j@nps.gov', 1),
(93, 'Darcy', 'Shemelt', '75128 Sycamore Park', 'Wojsławice', '271-931-5753', 'dshemelt2k@sakura.ne.jp', 1),
(94, 'Thebault', 'Chung', '08 Pearson Parkway', 'Trelleborg', '585-563-7493', 'tchung2l@so-net.ne.jp', 1),
(95, 'Zulema', 'Petracek', '1 Little Fleur Parkway', 'Vedène', '460-967-8779', 'zpetracek2m@apple.com', 1),
(96, 'Gweneth', 'Croose', '69 Lotheville Trail', 'Piedra del Águila', '561-857-4319', 'gcroose2n@wufoo.com', 1),
(97, 'Buddy', 'Hamley', '808 Golf Course Court', 'Phôngsali', '964-997-5705', 'bhamley2o@parallels.com', 1),
(98, 'Esme', 'Hamflett', '4900 Cordelia Place', 'Cuihuangkou', '358-427-4404', 'ehamflett2p@weather.com', 1),
(99, 'Andrus', 'Arrigucci', '3596 Hazelcrest Way', 'Milove', '171-761-3825', 'aarrigucci2q@blogger.com', 1),
(100, 'Amelia', 'McAdam', '92876 Clemons Place', 'Garissa', '334-121-8889', 'amcadam2r@nymag.com', 1);

INSERT INTO `incidents` (`Incident_ID`, `Order_ID`, `Opis`, `Track_ID`) VALUES
(1, 1, 'gravida sem praesent id massa id nisl venenatis lacinia aenean sit amet justo morbi ut odio cras mi pede malesuada in imperdiet et commodo vulputate justo in blandit ultrices enim lorem ipsum dolor sit amet consectetuer', 1),
(2, 2, 'nibh in lectus pellentesque at nulla suspendisse potenti cras in purus eu magna vulputate luctus cum', 2),
(3, 3, 'platea dictumst maecenas ut massa quis augue luctus tincidunt nulla mollis molestie lorem quisque ut erat', 3),
(4, 4, 'non mi integer ac neque duis bibendum morbi non quam nec dui luctus rutrum nulla tellus in sagittis dui vel nisl duis ac nibh fusce lacus purus aliquet at feugiat non pretium quis', 4),
(5, 5, 'eget orci vehicula condimentum curabitur in libero ut massa volutpat', 5),
(6, 6, 'duis ac nibh fusce lacus purus aliquet at feugiat non pretium quis lectus suspendisse potenti in eleifend quam a odio in hac habitasse platea dictumst maecenas ut massa quis augue luctus tincidunt nulla mollis molestie', 6),
(7, 7, 'a ipsum integer a nibh in quis justo maecenas rhoncus aliquam lacus morbi quis tortor id nulla ultrices aliquet maecenas leo odio condimentum id luctus nec molestie sed justo pellentesque viverra pede ac diam cras pellentesque volutpat dui maecenas tristique est et', 7),
(8, 8, 'scelerisque mauris sit amet eros suspendisse accumsan tortor quis turpis sed ante vivamus tortor duis mattis egestas metus aenean fermentum donec ut mauris eget massa tempor', 8),
(9, 9, 'suspendisse potenti nullam porttitor lacus at turpis donec posuere metus vitae ipsum aliquam non mauris morbi non lectus aliquam sit', 9),
(10, 10, 'donec diam neque vestibulum eget vulputate ut ultrices vel augue vestibulum ante ipsum primis in faucibus', 10),
(11, 11, 'malesuada in imperdiet et commodo vulputate justo in blandit ultrices enim lorem ipsum dolor sit amet consectetuer adipiscing elit proin interdum mauris non ligula pellentesque ultrices phasellus id sapien in sapien iaculis congue', 11),
(12, 12, 'mauris sit amet eros suspendisse accumsan tortor quis turpis sed ante vivamus tortor duis mattis egestas metus aenean fermentum donec ut mauris eget massa tempor convallis nulla neque libero convallis eget eleifend', 12),
(13, 13, 'magna vestibulum aliquet ultrices erat tortor sollicitudin mi sit amet lobortis sapien sapien non mi integer ac neque duis bibendum morbi non quam nec', 13),
(14, 14, 'imperdiet nullam orci pede venenatis non sodales sed tincidunt eu felis fusce posuere felis', 14),
(15, 15, 'metus sapien ut nunc vestibulum ante ipsum primis in faucibus orci luctus et ultrices posuere cubilia curae mauris viverra diam vitae quam suspendisse potenti', 15),
(16, 16, 'in libero ut massa volutpat convallis morbi odio odio elementum eu interdum eu tincidunt in leo maecenas pulvinar lobortis est phasellus sit amet erat nulla', 16),
(17, 17, 'erat quisque erat eros viverra eget congue eget semper rutrum nulla nunc purus phasellus in felis donec semper sapien a libero nam dui proin leo odio porttitor id consequat in consequat ut nulla sed accumsan felis ut at', 17),
(18, 18, 'a libero nam dui proin leo odio porttitor id consequat in consequat ut nulla sed accumsan felis ut at dolor quis odio consequat varius integer ac leo pellentesque ultrices mattis odio donec vitae nisi nam ultrices libero non mattis pulvinar nulla', 18),
(19, 19, 'lectus pellentesque eget nunc donec quis orci eget orci vehicula condimentum curabitur in libero ut massa volutpat convallis morbi odio odio elementum eu interdum eu tincidunt in leo maecenas', 19),
(20, 20, 'iaculis justo in hac habitasse platea dictumst etiam faucibus cursus urna ut tellus nulla ut erat id mauris vulputate elementum nullam varius nulla facilisi cras non velit nec nisi vulputate nonummy maecenas tincidunt lacus at velit vivamus vel nulla', 20),
(21, 21, 'nec nisi volutpat eleifend donec ut dolor morbi vel lectus in quam fringilla rhoncus mauris enim leo rhoncus sed vestibulum sit amet cursus id turpis integer aliquet massa id lobortis convallis tortor risus dapibus augue vel accumsan tellus nisi eu orci mauris lacinia sapien quis libero nullam sit amet turpis', 21),
(22, 22, 'quis odio consequat varius integer ac leo pellentesque ultrices mattis odio donec vitae nisi nam ultrices libero', 22),
(23, 23, 'sit amet justo morbi ut odio cras mi pede malesuada in imperdiet et', 23),
(24, 24, 'condimentum id luctus nec molestie sed justo pellentesque viverra pede ac diam cras pellentesque volutpat dui maecenas tristique est et tempus semper est quam pharetra magna ac consequat metus sapien ut nunc vestibulum ante ipsum primis in faucibus', 24),
(25, 25, 'accumsan tellus nisi eu orci mauris lacinia sapien quis libero nullam sit amet turpis elementum ligula vehicula consequat morbi a ipsum integer a nibh in quis justo maecenas rhoncus aliquam lacus morbi quis tortor id nulla ultrices aliquet maecenas leo odio condimentum', 25),
(26, 26, 'convallis duis consequat dui nec nisi volutpat eleifend donec ut dolor morbi vel lectus in quam fringilla rhoncus mauris enim leo rhoncus sed vestibulum sit amet cursus', 26),
(27, 27, 'platea dictumst maecenas ut massa quis augue luctus tincidunt nulla mollis molestie lorem quisque ut erat curabitur gravida nisi at nibh in hac habitasse platea dictumst aliquam augue quam', 27),
(28, 28, 'faucibus orci luctus et ultrices posuere cubilia curae donec pharetra magna vestibulum aliquet ultrices erat tortor sollicitudin mi sit amet lobortis sapien sapien non mi integer ac neque duis bibendum morbi non quam nec dui luctus rutrum', 28),
(29, 29, 'est phasellus sit amet erat nulla tempus vivamus in felis eu sapien cursus vestibulum proin eu mi nulla ac enim in tempor turpis nec euismod scelerisque quam turpis adipiscing lorem vitae mattis nibh ligula nec', 29),
(30, 30, 'lacus at turpis donec posuere metus vitae ipsum aliquam non mauris morbi non lectus aliquam sit amet diam in magna bibendum imperdiet nullam orci pede venenatis non sodales sed tincidunt eu felis fusce posuere felis sed lacus morbi sem mauris', 30),
(31, 31, 'bibendum imperdiet nullam orci pede venenatis non sodales sed tincidunt eu felis fusce posuere felis sed lacus morbi sem mauris laoreet ut rhoncus aliquet pulvinar sed nisl nunc rhoncus dui vel sem sed sagittis nam congue risus semper porta volutpat quam pede lobortis ligula sit amet eleifend pede', 31),
(32, 32, 'id luctus nec molestie sed justo pellentesque viverra pede ac diam cras pellentesque volutpat dui maecenas tristique est et tempus semper est quam pharetra magna', 32),
(33, 33, 'sapien cursus vestibulum proin eu mi nulla ac enim in tempor turpis nec euismod scelerisque quam turpis adipiscing lorem vitae mattis nibh', 33),
(34, 34, 'ullamcorper augue a suscipit nulla elit ac nulla sed vel enim sit amet nunc viverra dapibus nulla suscipit ligula in lacus curabitur at ipsum ac tellus semper interdum', 34),
(35, 35, 'sed tristique in tempus sit amet sem fusce consequat nulla nisl nunc nisl duis bibendum felis sed interdum venenatis turpis enim blandit mi in porttitor pede justo eu massa donec dapibus duis at velit eu est congue elementum in', 35),
(36, 36, 'suspendisse potenti cras in purus eu magna vulputate luctus cum sociis natoque penatibus et magnis dis parturient montes nascetur ridiculus mus vivamus vestibulum sagittis sapien cum sociis natoque penatibus et magnis dis parturient montes nascetur ridiculus mus etiam', 36),
(37, 37, 'quam sapien varius ut blandit non interdum in ante vestibulum ante', 37),
(38, 38, 'nulla justo aliquam quis turpis eget elit sodales scelerisque mauris sit amet eros suspendisse accumsan tortor quis turpis sed ante vivamus tortor duis mattis egestas metus aenean fermentum donec ut mauris eget massa tempor convallis nulla neque', 38),
(39, 39, 'aliquam augue quam sollicitudin vitae consectetuer eget rutrum at lorem integer tincidunt ante', 39),
(40, 40, 'ipsum primis in faucibus orci luctus et ultrices posuere cubilia curae mauris viverra diam vitae quam suspendisse potenti nullam porttitor lacus at turpis donec posuere metus vitae ipsum aliquam non mauris morbi non lectus aliquam sit amet diam in magna', 40),
(41, 41, 'sollicitudin mi sit amet lobortis sapien sapien non mi integer ac neque duis bibendum morbi non quam nec dui luctus rutrum nulla tellus in sagittis dui vel nisl duis ac nibh fusce lacus purus aliquet at feugiat non pretium quis lectus suspendisse potenti in', 41),
(42, 42, 'vestibulum ante ipsum primis in faucibus orci luctus et ultrices posuere cubilia curae mauris viverra diam vitae quam suspendisse potenti nullam porttitor lacus at turpis donec posuere metus vitae ipsum aliquam non mauris morbi non lectus aliquam sit amet diam in', 42),
(43, 43, 'faucibus orci luctus et ultrices posuere cubilia curae nulla dapibus dolor vel est donec odio justo sollicitudin ut suscipit a feugiat et eros vestibulum ac est lacinia nisi venenatis tristique fusce congue diam id ornare imperdiet sapien', 43),
(44, 44, 'lorem ipsum dolor sit amet consectetuer adipiscing elit proin risus praesent lectus vestibulum', 44),
(45, 45, 'at turpis donec posuere metus vitae ipsum aliquam non mauris morbi non lectus aliquam sit amet diam in magna bibendum imperdiet nullam orci pede venenatis non sodales sed', 45),
(46, 46, 'congue etiam justo etiam pretium iaculis justo in hac habitasse platea dictumst etiam faucibus cursus urna ut tellus nulla ut erat id', 46),
(47, 47, 'penatibus et magnis dis parturient montes nascetur ridiculus mus etiam vel augue vestibulum rutrum rutrum neque aenean auctor', 47),
(48, 48, 'massa tempor convallis nulla neque libero convallis eget eleifend luctus ultricies eu nibh quisque id justo sit amet sapien dignissim vestibulum vestibulum ante ipsum primis in faucibus orci luctus et ultrices posuere cubilia curae nulla dapibus dolor', 48),
(49, 49, 'turpis enim blandit mi in porttitor pede justo eu massa donec dapibus duis at velit eu est congue elementum in hac habitasse platea dictumst morbi vestibulum velit id pretium iaculis diam erat fermentum justo nec condimentum neque sapien placerat ante nulla justo aliquam quis turpis eget elit sodales', 49),
(50, 50, 'tempus vel pede morbi porttitor lorem id ligula suspendisse ornare consequat lectus in est risus auctor sed tristique in tempus sit amet sem fusce consequat nulla nisl nunc nisl duis bibendum felis sed interdum venenatis turpis enim blandit', 50),
(51, 51, 'quis libero nullam sit amet turpis elementum ligula vehicula consequat morbi a ipsum integer a nibh in quis justo maecenas rhoncus aliquam lacus morbi quis tortor', 51),
(52, 52, 'molestie nibh in lectus pellentesque at nulla suspendisse potenti cras in purus eu magna vulputate luctus cum sociis natoque penatibus et magnis dis parturient montes nascetur ridiculus mus vivamus vestibulum sagittis sapien cum sociis natoque penatibus et', 52),
(53, 53, 'scelerisque quam turpis adipiscing lorem vitae mattis nibh ligula nec sem duis aliquam convallis nunc proin at turpis a pede posuere nonummy integer non velit donec diam neque vestibulum eget', 53),
(54, 54, 'lacinia nisi venenatis tristique fusce congue diam id ornare imperdiet sapien urna pretium nisl ut', 54),
(55, 55, 'maecenas tincidunt lacus at velit vivamus vel nulla eget eros elementum pellentesque quisque porta volutpat erat quisque erat eros viverra eget congue eget semper rutrum nulla nunc purus phasellus in felis donec semper sapien a libero nam dui proin leo odio porttitor id consequat in consequat ut nulla sed accumsan', 55),
(56, 56, 'adipiscing elit proin interdum mauris non ligula pellentesque ultrices phasellus id sapien in sapien iaculis congue vivamus metus arcu adipiscing molestie hendrerit at vulputate vitae nisl aenean lectus pellentesque eget nunc donec quis orci eget orci vehicula condimentum curabitur in libero ut massa volutpat convallis', 56),
(57, 57, 'luctus et ultrices posuere cubilia curae duis faucibus accumsan odio curabitur convallis duis consequat dui', 57),
(58, 58, 'donec ut dolor morbi vel lectus in quam fringilla rhoncus mauris enim leo rhoncus sed vestibulum sit amet cursus id turpis integer aliquet massa', 58),
(59, 59, 'ultrices posuere cubilia curae mauris viverra diam vitae quam suspendisse potenti nullam porttitor lacus at turpis donec posuere metus vitae ipsum aliquam non mauris morbi non lectus aliquam sit amet diam in magna bibendum imperdiet nullam orci pede venenatis non sodales sed tincidunt eu felis fusce posuere felis', 59),
(60, 60, 'adipiscing molestie hendrerit at vulputate vitae nisl aenean lectus pellentesque eget nunc donec quis orci eget orci vehicula condimentum curabitur in libero ut massa volutpat convallis morbi odio odio elementum eu interdum eu tincidunt in leo maecenas pulvinar lobortis est phasellus sit amet erat nulla tempus', 60),
(61, 61, 'habitasse platea dictumst etiam faucibus cursus urna ut tellus nulla ut erat id mauris vulputate elementum nullam varius nulla facilisi cras non velit nec', 61),
(62, 62, 'porttitor lorem id ligula suspendisse ornare consequat lectus in est risus auctor sed', 62),
(63, 63, 'tellus nulla ut erat id mauris vulputate elementum nullam varius nulla facilisi cras non velit nec nisi vulputate nonummy maecenas tincidunt lacus at velit vivamus vel nulla eget eros elementum pellentesque quisque porta volutpat erat quisque erat', 63),
(64, 64, 'nulla tempus vivamus in felis eu sapien cursus vestibulum proin eu mi nulla ac enim in tempor turpis nec euismod scelerisque quam turpis adipiscing lorem vitae mattis nibh ligula nec sem duis aliquam convallis nunc proin at turpis a pede posuere nonummy integer', 64),
(65, 65, 'sit amet diam in magna bibendum imperdiet nullam orci pede venenatis non sodales sed tincidunt eu felis fusce posuere felis sed lacus morbi sem mauris laoreet ut rhoncus aliquet pulvinar sed nisl nunc rhoncus dui vel sem sed sagittis nam congue risus semper porta volutpat quam pede lobortis ligula sit', 65),
(66, 66, 'in consequat ut nulla sed accumsan felis ut at dolor quis odio consequat varius integer ac leo pellentesque ultrices mattis odio donec vitae nisi nam ultrices libero non mattis pulvinar nulla pede ullamcorper augue a suscipit nulla elit ac nulla sed vel enim sit amet nunc viverra dapibus nulla suscipit', 66),
(67, 67, 'interdum in ante vestibulum ante ipsum primis in faucibus orci luctus et ultrices posuere cubilia curae duis faucibus accumsan odio curabitur convallis duis consequat dui nec nisi volutpat eleifend donec ut', 67),
(68, 68, 'vel est donec odio justo sollicitudin ut suscipit a feugiat', 68),
(69, 69, 'quis justo maecenas rhoncus aliquam lacus morbi quis tortor id nulla ultrices aliquet maecenas leo odio condimentum id luctus nec molestie sed justo pellentesque viverra pede ac diam cras', 69),
(70, 70, 'ultrices erat tortor sollicitudin mi sit amet lobortis sapien sapien non mi integer ac neque duis bibendum morbi non quam nec dui luctus rutrum nulla tellus in sagittis dui vel nisl duis ac nibh fusce lacus purus aliquet', 70),
(71, 71, 'sollicitudin ut suscipit a feugiat et eros vestibulum ac est lacinia nisi venenatis tristique fusce congue diam id ornare imperdiet sapien urna pretium nisl ut volutpat sapien arcu sed augue aliquam erat volutpat in congue etiam justo etiam pretium iaculis justo in hac habitasse platea dictumst etiam faucibus cursus urna', 71),
(72, 72, 'praesent id massa id nisl venenatis lacinia aenean sit amet justo morbi ut odio cras mi pede malesuada in imperdiet et commodo vulputate justo in blandit ultrices enim lorem ipsum', 72),
(73, 73, 'nullam sit amet turpis elementum ligula vehicula consequat morbi a ipsum integer a nibh in quis justo maecenas rhoncus aliquam lacus morbi quis tortor id nulla ultrices aliquet maecenas leo odio condimentum id luctus nec molestie sed justo pellentesque viverra pede ac', 73),
(74, 74, 'velit nec nisi vulputate nonummy maecenas tincidunt lacus at velit vivamus vel nulla eget eros', 74),
(75, 75, 'ultricies eu nibh quisque id justo sit amet sapien dignissim vestibulum vestibulum ante ipsum primis in', 75),
(76, 76, 'vitae mattis nibh ligula nec sem duis aliquam convallis nunc proin at turpis a pede posuere nonummy integer non velit donec diam neque vestibulum eget vulputate ut', 76),
(77, 77, 'erat tortor sollicitudin mi sit amet lobortis sapien sapien non mi integer ac neque duis bibendum morbi non quam nec dui luctus rutrum nulla tellus in sagittis dui vel nisl duis ac nibh fusce lacus purus aliquet at feugiat non pretium', 77),
(78, 78, 'augue quam sollicitudin vitae consectetuer eget rutrum at lorem integer tincidunt ante vel ipsum praesent blandit lacinia erat vestibulum sed magna at nunc commodo placerat praesent blandit nam nulla integer pede justo lacinia eget tincidunt eget tempus vel pede morbi porttitor lorem id ligula suspendisse ornare consequat lectus', 78),
(79, 79, 'pede ullamcorper augue a suscipit nulla elit ac nulla sed vel enim sit amet nunc viverra dapibus nulla suscipit ligula in lacus curabitur at', 79),
(80, 80, 'vestibulum sagittis sapien cum sociis natoque penatibus et magnis dis parturient montes nascetur ridiculus mus etiam vel', 80),
(81, 81, 'mauris enim leo rhoncus sed vestibulum sit amet cursus id turpis integer aliquet massa id lobortis convallis tortor risus dapibus augue vel accumsan tellus nisi eu orci mauris lacinia sapien quis', 81),
(82, 82, 'enim sit amet nunc viverra dapibus nulla suscipit ligula in lacus curabitur at ipsum ac tellus semper interdum mauris ullamcorper purus sit amet nulla quisque arcu libero rutrum ac lobortis', 82),
(83, 83, 'justo lacinia eget tincidunt eget tempus vel pede morbi porttitor lorem id ligula suspendisse ornare consequat lectus in est risus auctor sed tristique in tempus sit amet sem fusce consequat nulla nisl nunc nisl duis bibendum felis sed interdum venenatis turpis enim blandit mi in', 83),
(84, 84, 'nulla suscipit ligula in lacus curabitur at ipsum ac tellus semper', 84),
(85, 85, 'in quam fringilla rhoncus mauris enim leo rhoncus sed vestibulum sit amet cursus id turpis integer aliquet massa id', 85),
(86, 86, 'vel nulla eget eros elementum pellentesque quisque porta volutpat erat quisque erat eros viverra eget congue eget semper rutrum nulla nunc purus phasellus', 86),
(87, 87, 'est donec odio justo sollicitudin ut suscipit a feugiat et eros vestibulum ac', 87),
(88, 88, 'quis libero nullam sit amet turpis elementum ligula vehicula consequat morbi a ipsum integer a nibh in quis justo maecenas rhoncus aliquam lacus morbi quis', 88),
(89, 89, 'in purus eu magna vulputate luctus cum sociis natoque penatibus et magnis dis parturient montes nascetur ridiculus mus vivamus vestibulum sagittis sapien cum sociis natoque penatibus et magnis dis parturient montes nascetur ridiculus mus etiam vel', 89),
(90, 90, 'ut volutpat sapien arcu sed augue aliquam erat volutpat in congue etiam justo etiam pretium iaculis justo in hac habitasse platea dictumst', 90),
(91, 91, 'suscipit a feugiat et eros vestibulum ac est lacinia nisi venenatis tristique fusce congue diam id ornare imperdiet sapien urna pretium nisl ut volutpat sapien arcu sed augue aliquam erat volutpat in congue etiam justo etiam pretium iaculis justo in hac habitasse platea dictumst', 91),
(92, 92, 'sit amet nunc viverra dapibus nulla suscipit ligula in lacus curabitur at ipsum ac tellus semper interdum mauris ullamcorper purus sit amet nulla quisque arcu libero rutrum ac', 92),
(93, 93, 'curabitur convallis duis consequat dui nec nisi volutpat eleifend donec ut dolor morbi vel lectus in quam fringilla rhoncus mauris enim leo rhoncus sed vestibulum sit amet cursus id turpis integer aliquet massa id lobortis convallis tortor risus dapibus augue vel accumsan tellus nisi eu orci', 93),
(94, 94, 'elit proin interdum mauris non ligula pellentesque ultrices phasellus id sapien in', 94),
(95, 95, 'at nunc commodo placerat praesent blandit nam nulla integer pede justo lacinia eget tincidunt eget tempus vel pede morbi porttitor lorem id ligula suspendisse ornare consequat lectus in est risus auctor sed tristique in tempus sit amet sem fusce consequat nulla nisl nunc nisl', 95),
(96, 96, 'ipsum primis in faucibus orci luctus et ultrices posuere cubilia curae donec pharetra magna vestibulum aliquet ultrices erat tortor sollicitudin mi', 96),
(97, 97, 'nulla eget eros elementum pellentesque quisque porta volutpat erat quisque erat eros viverra eget congue eget semper rutrum nulla nunc purus phasellus in felis donec semper sapien a libero nam dui proin leo odio', 97),
(98, 98, 'vulputate ut ultrices vel augue vestibulum ante ipsum primis in faucibus orci luctus et ultrices posuere cubilia curae donec pharetra magna vestibulum aliquet ultrices erat tortor sollicitudin mi sit amet lobortis sapien sapien non mi integer ac neque duis bibendum morbi non quam nec dui luctus', 98),
(99, 99, 'turpis elementum ligula vehicula consequat morbi a ipsum integer a nibh in quis justo maecenas rhoncus aliquam lacus morbi quis tortor id nulla ultrices aliquet maecenas leo odio condimentum id luctus nec molestie sed justo pellentesque viverra pede ac diam cras pellentesque volutpat dui maecenas tristique est', 99),
(100, 100, 'molestie lorem quisque ut erat curabitur gravida nisi at nibh in hac habitasse platea dictumst aliquam augue quam sollicitudin vitae consectetuer eget rutrum at lorem integer tincidunt ante vel ipsum praesent blandit lacinia erat vestibulum sed magna at nunc commodo placerat praesent blandit', 100);

INSERT INTO `invoices` (`Invoice_ID`, `Customer_ID`, `Data`, `Czy_opłacona`, `Kwota`) VALUES
(1, 1, '2019-10-05', 0, 52396),
(2, 2, '2022-01-12', 0, 79153),
(3, 3, '2001-02-11', 0, 4890),
(4, 4, '2018-04-02', 1, 67857),
(5, 5, '2008-06-20', 0, 23430),
(6, 6, '2008-11-30', 1, 69984),
(7, 7, '2010-04-21', 1, 14723),
(8, 8, '2003-04-19', 1, 33922),
(9, 9, '2005-08-18', 1, 77172),
(10, 10, '2002-11-26', 1, 59294),
(11, 11, '2006-03-30', 0, 28512),
(12, 12, '2001-10-15', 1, 35222),
(13, 13, '2016-07-14', 0, 90034),
(14, 14, '2008-06-20', 1, 86014),
(15, 15, '2007-02-12', 1, 73563),
(16, 16, '2018-07-11', 1, 97384),
(17, 17, '2006-01-01', 1, 69853),
(18, 18, '2020-10-21', 1, 72877),
(19, 19, '2004-08-08', 1, 37753),
(20, 20, '2001-05-22', 1, 6066),
(21, 21, '2009-11-28', 0, 73096),
(22, 22, '2001-07-29', 1, 56073),
(23, 23, '2022-03-30', 0, 59431),
(24, 24, '2000-06-11', 0, 11449),
(25, 25, '2021-03-18', 0, 42365),
(26, 26, '2004-06-06', 1, 50460),
(27, 27, '2004-05-17', 0, 88610),
(28, 28, '2020-05-26', 0, 57735),
(29, 29, '2019-11-28', 1, 46119),
(30, 30, '2001-03-03', 0, 93127),
(31, 31, '2022-08-13', 1, 61536),
(32, 32, '2005-08-20', 1, 55733),
(33, 33, '2000-04-10', 0, 37986),
(34, 34, '2010-11-08', 0, 5577),
(35, 35, '2017-07-03', 1, 30625),
(36, 36, '2008-08-01', 1, 44369),
(37, 37, '2013-05-13', 1, 2137),
(38, 38, '2021-12-22', 1, 34853),
(39, 39, '2002-05-15', 1, 3829),
(40, 40, '2018-04-23', 0, 27324),
(41, 41, '2007-08-01', 0, 54958),
(42, 42, '2004-07-02', 0, 51878),
(43, 43, '2018-06-06', 0, 59149),
(44, 44, '2014-10-17', 1, 68208),
(45, 45, '2007-11-07', 0, 90617),
(46, 46, '2006-01-04', 0, 99169),
(47, 47, '2016-10-02', 0, 42956),
(48, 48, '2018-07-07', 1, 32513),
(49, 49, '2011-02-08', 0, 58397),
(50, 50, '2009-03-24', 0, 14865),
(51, 51, '2011-04-17', 0, 15502),
(52, 52, '2007-07-28', 1, 19433),
(53, 53, '2004-08-30', 1, 46129),
(54, 54, '2001-08-14', 1, 82885),
(55, 55, '2017-03-05', 0, 50141),
(56, 56, '2017-02-20', 0, 28159),
(57, 57, '2011-09-22', 0, 36388),
(58, 58, '2014-06-27', 0, 86400),
(59, 59, '2010-10-28', 0, 33967),
(60, 60, '2000-07-01', 1, 31442),
(61, 61, '2017-11-04', 1, 92920),
(62, 62, '2004-03-16', 0, 28207),
(63, 63, '2004-04-12', 1, 44873),
(64, 64, '2013-07-22', 0, 55638),
(65, 65, '2017-10-05', 1, 78142),
(66, 66, '2016-07-14', 1, 86208),
(67, 67, '2023-01-01', 1, 40264),
(68, 68, '2001-05-06', 1, 78428),
(69, 69, '2018-11-24', 1, 45117),
(70, 70, '2002-02-07', 0, 66345),
(71, 71, '2003-09-17', 1, 93439),
(72, 72, '2001-05-13', 1, 42340),
(73, 73, '2021-10-25', 1, 28201),
(74, 74, '2009-07-05', 1, 62104),
(75, 75, '2003-07-01', 1, 7054),
(76, 76, '2019-07-15', 1, 79744),
(77, 77, '2001-10-24', 0, 98319),
(78, 78, '2020-04-29', 0, 57230),
(79, 79, '2003-12-15', 1, 22751),
(80, 80, '2016-08-03', 1, 39162),
(81, 81, '2009-05-05', 0, 46598),
(82, 82, '2009-05-02', 0, 39570),
(83, 83, '2010-09-13', 1, 32186),
(84, 84, '2014-08-10', 0, 27424),
(85, 85, '2018-03-30', 1, 34828),
(86, 86, '2008-02-28', 0, 11982),
(87, 87, '2022-09-02', 1, 60626),
(88, 88, '2019-04-01', 1, 1049),
(89, 89, '2007-11-27', 1, 44600),
(90, 90, '2005-02-10', 0, 2333),
(91, 91, '2012-08-09', 1, 73419),
(92, 92, '2011-07-31', 0, 3282),
(93, 93, '2013-08-28', 0, 28014),
(94, 94, '2002-06-07', 0, 6366),
(95, 95, '2009-07-23', 1, 22915),
(96, 96, '2005-11-09', 0, 91483),
(97, 97, '2002-02-26', 0, 41881),
(98, 98, '2018-09-25', 1, 82308),
(99, 99, '2013-07-03', 1, 93415),
(100, 100, '2020-08-06', 0, 62434);

INSERT INTO `job_positions` (`Job_position_ID`, `Nazwa`, `Wynagrodzenie`) VALUES
(1, 'Kierowca', 18114),
(2, 'Specjalista ds. IT', 9639),
(3, 'Kierownik magazynu', 14356),
(4, 'Pracownik magazynu', 3132),
(5, 'Specjalista ds logistyki', 6572),
(6, 'Koordynator transportu', 18376),
(7, 'Menedżer ds zaopatrzenia', 8262),
(8, 'Specjalista ds. rozliczeń', 15238),
(9, 'Menedżer ds. relacji z klientami', 4861),
(10, 'Menedżer ds. rozwoju biznesu ', 10192);

INSERT INTO `orders` (`Order_ID`, `Data_zlozenia`, `Data_realizacji`, `Customer_ID`, `Driver_ID`, `Truck_ID`, `Cargo_ID`, `Trailer_ID`, `Package_type_ID`, `Invoice_ID`, `Delivery_info_ID`, `Delivery_status_ID`, `Employee_ID`, `Service_ID`, `Track_ID`) VALUES
(1, '2005-09-25', '2013-11-03', 1, 1, 1, 3, 1, 1, 1, 1, 1, 1, 2, 1),
(2, '2006-09-21', '2014-09-10', 2, 2, 2, 3, 2, 2, 2, 2, 2, 2, 1, 2),
(3, '2007-12-25', '2002-12-19', 3, 3, 3, 12, 3, 3, 3, 3, 3, 3, 6, 3),
(4, '2016-11-23', '2002-05-01', 4, 4, 4, 9, 4, 4, 4, 4, 4, 4, 3, 4),
(5, '2002-12-18', '2007-08-11', 5, 5, 5, 16, 5, 5, 5, 5, 5, 5, 1, 5),
(6, '2021-12-30', '2022-03-02', 6, 6, 6, 12, 6, 6, 6, 6, 6, 6, 3, 6),
(7, '2013-08-03', '2001-06-17', 7, 7, 7, 7, 7, 7, 7, 7, 7, 7, 2, 7),
(8, '2008-03-14', '2025-10-01', 8, 8, 8, 1, 8, 8, 8, 8, 8, 8, 5, 8),
(9, '2009-04-07', '2022-12-19', 9, 9, 9, 11, 9, 9, 9, 9, 9, 9, 6, 9),
(10, '2005-08-07', '2015-06-05', 10, 10, 10, 5, 10, 10, 10, 10, 10, 10, 4, 10),
(11, '2008-10-29', '2010-07-17', 11, 11, 11, 10, 11, 11, 11, 11, 11, 11, 4, 11),
(12, '2013-09-14', '2020-07-13', 12, 12, 12, 8, 12, 12, 12, 12, 12, 12, 2, 12),
(13, '2007-09-03', '2008-05-29', 13, 13, 13, 16, 13, 13, 13, 13, 13, 13, 6, 13),
(14, '2008-01-12', '2027-12-24', 14, 14, 14, 12, 14, 14, 14, 14, 14, 14, 2, 14),
(15, '2007-09-07', '2004-10-28', 15, 15, 15, 16, 15, 15, 15, 15, 15, 15, 6, 15),
(16, '2008-04-29', '2001-05-19', 16, 16, 16, 15, 16, 16, 16, 16, 16, 16, 2, 16),
(17, '2022-10-03', '2024-06-07', 17, 17, 17, 16, 17, 17, 17, 17, 17, 17, 1, 17),
(18, '2000-01-03', '2025-12-27', 18, 18, 18, 5, 18, 18, 18, 18, 18, 18, 6, 18),
(19, '2019-11-02', '2006-01-12', 19, 19, 19, 15, 19, 19, 19, 19, 19, 19, 2, 19),
(20, '2010-01-28', '2023-10-18', 20, 20, 20, 10, 20, 20, 20, 20, 20, 20, 7, 20),
(21, '2016-11-10', '2016-12-01', 21, 21, 21, 10, 21, 21, 21, 21, 21, 21, 1, 21),
(22, '2010-08-24', '2005-08-16', 22, 22, 22, 8, 22, 22, 22, 22, 22, 22, 2, 22),
(23, '2004-01-16', '2013-12-21', 23, 23, 23, 13, 23, 23, 23, 23, 23, 23, 6, 23),
(24, '2010-09-27', '2023-03-12', 24, 24, 24, 1, 24, 24, 24, 24, 24, 24, 7, 24),
(25, '2018-06-17', '2025-03-08', 25, 25, 25, 15, 25, 25, 25, 25, 25, 25, 2, 25),
(26, '2020-01-24', '2011-01-27', 26, 26, 26, 15, 26, 26, 26, 26, 26, 26, 5, 26),
(27, '2005-04-01', '2008-02-06', 27, 27, 27, 13, 27, 27, 27, 27, 27, 27, 6, 27),
(28, '2006-08-08', '2024-08-22', 28, 28, 28, 7, 28, 28, 28, 28, 28, 28, 5, 28),
(29, '2010-06-20', '2005-05-18', 29, 29, 29, 12, 29, 29, 29, 29, 29, 29, 7, 29),
(30, '2008-02-19', '2006-08-17', 30, 30, 30, 15, 30, 30, 30, 30, 30, 30, 5, 30),
(31, '2019-06-26', '2017-06-17', 31, 31, 31, 7, 31, 31, 31, 31, 31, 31, 6, 31),
(32, '2015-06-11', '2003-03-16', 32, 32, 32, 11, 32, 32, 32, 32, 32, 32, 7, 32),
(33, '2005-01-11', '2011-03-03', 33, 33, 33, 16, 33, 33, 33, 33, 33, 33, 6, 33),
(34, '2008-09-02', '2016-04-08', 34, 34, 34, 10, 34, 34, 34, 34, 34, 34, 5, 34),
(35, '2019-06-08', '2009-09-19', 35, 35, 35, 3, 35, 35, 35, 35, 35, 35, 1, 35),
(36, '2002-12-07', '2018-03-18', 36, 36, 36, 16, 36, 36, 36, 36, 36, 36, 5, 36),
(37, '2021-08-05', '2012-02-15', 37, 37, 37, 16, 37, 37, 37, 37, 37, 37, 7, 37),
(38, '2016-07-18', '2006-07-02', 38, 38, 38, 5, 38, 38, 38, 38, 38, 38, 1, 38),
(39, '2003-05-24', '2001-12-31', 39, 39, 39, 12, 39, 39, 39, 39, 39, 39, 3, 39),
(40, '2005-03-21', '2016-11-11', 40, 40, 40, 2, 40, 40, 40, 40, 40, 40, 1, 40),
(41, '2019-06-23', '2011-10-19', 41, 41, 41, 9, 41, 41, 41, 41, 41, 41, 4, 41),
(42, '2008-11-15', '2003-12-31', 42, 42, 42, 14, 42, 42, 42, 42, 42, 42, 1, 42),
(43, '2009-12-27', '2010-10-14', 43, 43, 43, 3, 43, 43, 43, 43, 43, 43, 6, 43),
(44, '2022-11-29', '2007-08-21', 44, 44, 44, 14, 44, 44, 44, 44, 44, 44, 7, 44),
(45, '2009-03-22', '2014-03-19', 45, 45, 45, 4, 45, 45, 45, 45, 45, 45, 6, 45),
(46, '2009-12-09', '2027-02-15', 46, 46, 46, 3, 46, 46, 46, 46, 46, 46, 7, 46),
(47, '2002-11-13', '2007-05-02', 47, 47, 47, 8, 47, 47, 47, 47, 47, 47, 3, 47),
(48, '2018-06-22', '2014-12-26', 48, 48, 48, 10, 48, 48, 48, 48, 48, 48, 4, 48),
(49, '2000-05-05', '2013-09-04', 49, 49, 49, 9, 49, 49, 49, 49, 49, 49, 6, 49),
(50, '2005-01-09', '2006-09-09', 50, 50, 50, 7, 50, 50, 50, 50, 50, 50, 6, 50),
(51, '2017-05-10', '2017-11-24', 51, 51, 51, 7, 51, 51, 51, 51, 51, 51, 5, 51),
(52, '2009-08-14', '2009-05-28', 52, 52, 52, 8, 52, 52, 52, 52, 52, 52, 3, 52),
(53, '2000-11-20', '2023-08-10', 53, 53, 53, 3, 53, 53, 53, 53, 53, 53, 7, 53),
(54, '2019-03-12', '2010-07-12', 54, 54, 54, 3, 54, 54, 54, 54, 54, 54, 5, 54),
(55, '2012-12-09', '2001-04-26', 55, 55, 55, 15, 55, 55, 55, 55, 55, 55, 4, 55),
(56, '2009-06-12', '2013-06-25', 56, 56, 56, 13, 56, 56, 56, 56, 56, 56, 1, 56),
(57, '2020-08-07', '2023-01-09', 57, 57, 57, 16, 57, 57, 57, 57, 57, 57, 5, 57),
(58, '2009-06-16', '2019-08-25', 58, 58, 58, 8, 58, 58, 58, 58, 58, 58, 4, 58),
(59, '2004-10-06', '2026-03-27', 59, 59, 59, 6, 59, 59, 59, 59, 59, 59, 6, 59),
(60, '2010-05-20', '2007-07-23', 60, 60, 60, 3, 60, 60, 60, 60, 60, 60, 5, 60),
(61, '2005-07-21', '2004-05-10', 61, 61, 61, 2, 61, 61, 61, 61, 61, 61, 4, 61),
(62, '2009-01-11', '2015-04-24', 62, 62, 62, 15, 62, 62, 62, 62, 62, 62, 6, 62),
(63, '2012-05-23', '2012-08-16', 63, 63, 63, 9, 63, 63, 63, 63, 63, 63, 7, 63),
(64, '2020-12-11', '2005-03-29', 64, 64, 64, 3, 64, 64, 64, 64, 64, 64, 2, 64),
(65, '2012-07-01', '2003-07-12', 65, 65, 65, 5, 65, 65, 65, 65, 65, 65, 7, 65),
(66, '2006-08-11', '2016-05-05', 66, 66, 66, 11, 66, 66, 66, 66, 66, 66, 3, 66),
(67, '2007-12-03', '2026-05-08', 67, 67, 67, 2, 67, 67, 67, 67, 67, 67, 4, 67),
(68, '2002-11-25', '2013-03-11', 68, 68, 68, 12, 68, 68, 68, 68, 68, 68, 1, 68),
(69, '2019-02-02', '2017-03-25', 69, 69, 69, 10, 69, 69, 69, 69, 69, 69, 4, 69),
(70, '2001-04-19', '2021-05-02', 70, 70, 70, 6, 70, 70, 70, 70, 70, 70, 6, 70),
(71, '2016-02-06', '2006-12-29', 71, 71, 71, 6, 71, 71, 71, 71, 71, 71, 1, 71),
(72, '2008-04-16', '2013-09-19', 72, 72, 72, 16, 72, 72, 72, 72, 72, 72, 1, 72),
(73, '2020-03-18', '2011-04-27', 73, 73, 73, 2, 73, 73, 73, 73, 73, 73, 6, 73),
(74, '2020-05-28', '2021-12-25', 74, 74, 74, 11, 74, 74, 74, 74, 74, 74, 3, 74),
(75, '2009-07-10', '2002-06-06', 75, 75, 75, 16, 75, 75, 75, 75, 75, 75, 2, 75),
(76, '2022-10-22', '2002-03-22', 76, 76, 76, 7, 76, 76, 76, 76, 76, 76, 4, 76),
(77, '2015-09-19', '2025-07-13', 77, 77, 77, 16, 77, 77, 77, 77, 77, 77, 4, 77),
(78, '2007-01-27', '2001-05-04', 78, 78, 78, 2, 78, 78, 78, 78, 78, 78, 3, 78),
(79, '2015-09-25', '2010-03-28', 79, 79, 79, 13, 79, 79, 79, 79, 79, 79, 2, 79),
(80, '2016-11-16', '2000-09-24', 80, 80, 80, 9, 80, 80, 80, 80, 80, 80, 6, 80),
(81, '2006-08-26', '2011-09-15', 81, 81, 81, 2, 81, 81, 81, 81, 81, 81, 5, 81),
(82, '2016-05-10', '2004-04-29', 82, 82, 82, 11, 82, 82, 82, 82, 82, 82, 2, 82),
(83, '2016-05-18', '2025-10-02', 83, 83, 83, 12, 83, 83, 83, 83, 83, 83, 6, 83),
(84, '2000-02-10', '2026-04-01', 84, 84, 84, 11, 84, 84, 84, 84, 84, 84, 3, 84),
(85, '2014-01-13', '2013-03-23', 85, 85, 85, 13, 85, 85, 85, 85, 85, 85, 3, 85),
(86, '2013-04-25', '2004-10-08', 86, 86, 86, 2, 86, 86, 86, 86, 86, 86, 5, 86),
(87, '2002-09-11', '2012-10-23', 87, 87, 87, 2, 87, 87, 87, 87, 87, 87, 4, 87),
(88, '2015-12-30', '2024-07-07', 88, 88, 88, 1, 88, 88, 88, 88, 88, 88, 6, 88),
(89, '2006-04-30', '2016-07-18', 89, 89, 89, 14, 89, 89, 89, 89, 89, 89, 2, 89),
(90, '2010-08-27', '2027-09-24', 90, 90, 90, 12, 90, 90, 90, 90, 90, 90, 1, 90),
(91, '2018-09-14', '2027-09-19', 91, 91, 91, 16, 91, 91, 91, 91, 91, 91, 2, 91),
(92, '2021-09-15', '2002-10-20', 92, 92, 92, 7, 92, 92, 92, 92, 92, 92, 5, 92),
(93, '2013-04-20', '2017-09-03', 93, 93, 93, 15, 93, 93, 93, 93, 93, 93, 1, 93),
(94, '2003-02-04', '2012-08-19', 94, 94, 94, 16, 94, 94, 94, 94, 94, 94, 1, 94),
(95, '2003-04-13', '2024-10-20', 95, 95, 95, 2, 95, 95, 95, 95, 95, 95, 4, 95),
(96, '2016-11-13', '2013-07-24', 96, 96, 96, 9, 96, 96, 96, 96, 96, 96, 2, 96),
(97, '2002-11-29', '2022-07-13', 97, 97, 97, 1, 97, 97, 97, 97, 97, 97, 2, 97),
(98, '2009-07-17', '2011-03-10', 98, 98, 98, 11, 98, 98, 98, 98, 98, 98, 3, 98),
(99, '2013-08-02', '2001-06-30', 99, 99, 99, 2, 99, 99, 99, 99, 99, 99, 4, 99),
(100, '2010-08-22', '2005-04-20', 100, 100, 100, 2, 100, 100, 100, 100, 100, 100, 6, 100);

INSERT INTO `services` (`Service_ID`, `Nazwa`, `Opis`, `Cena`) VALUES
(1, 'Transport', 'Lorem ipsum dolor sit amet, consectetur adipiscing elit, sed do eiusmod tempor incididunt ut labore et dolore magna aliqua. Ut enim ad minim veniam, quis nostrud exercitation ullamco laboris nisi ut aliquip ex ea commodo consequat. Duis aute irure dolor in reprehenderit in voluptate velit esse cillum dolore eu fugiat nulla pariatur. Excepteur sint occaecat cupidatat non proident, sunt in culpa qui officia deserunt mollit anim id est laborum', 34210),
(2, 'Magazynowanie', 'Lorem ipsum dolor sit amet, consectetur adipiscing elit, sed do eiusmod tempor incididunt ut labore et dolore magna aliqua. Ut enim ad minim veniam, quis nostrud exercitation ullamco laboris nisi ut aliquip ex ea commodo consequat. Duis aute irure dolor in reprehenderit in voluptate velit esse cillum dolore eu fugiat nulla pariatur. Excepteur sint occaecat cupidatat non proident, sunt in culpa qui officia deserunt mollit anim id est laborum', 54696),
(3, 'Spedycja', 'Lorem ipsum dolor sit amet, consectetur adipiscing elit, sed do eiusmod tempor incididunt ut labore et dolore magna aliqua. Ut enim ad minim veniam, quis nostrud exercitation ullamco laboris nisi ut aliquip ex ea commodo consequat. Duis aute irure dolor in reprehenderit in voluptate velit esse cillum dolore eu fugiat nulla pariatur. Excepteur sint occaecat cupidatat non proident, sunt in culpa qui officia deserunt mollit anim id est laborum', 57578),
(4, 'Konsolidacja', 'Lorem ipsum dolor sit amet, consectetur adipiscing elit, sed do eiusmod tempor incididunt ut labore et dolore magna aliqua. Ut enim ad minim veniam, quis nostrud exercitation ullamco laboris nisi ut aliquip ex ea commodo consequat. Duis aute irure dolor in reprehenderit in voluptate velit esse cillum dolore eu fugiat nulla pariatur. Excepteur sint occaecat cupidatat non proident, sunt in culpa qui officia deserunt mollit anim id est laborum', 49111),
(5, 'Obsługa celna', 'Lorem ipsum dolor sit amet, consectetur adipiscing elit, sed do eiusmod tempor incididunt ut labore et dolore magna aliqua. Ut enim ad minim veniam, quis nostrud exercitation ullamco laboris nisi ut aliquip ex ea commodo consequat. Duis aute irure dolor in reprehenderit in voluptate velit esse cillum dolore eu fugiat nulla pariatur. Excepteur sint occaecat cupidatat non proident, sunt in culpa qui officia deserunt mollit anim id est laborum', 14194),
(6, 'Dystrybucja', 'Lorem ipsum dolor sit amet, consectetur adipiscing elit, sed do eiusmod tempor incididunt ut labore et dolore magna aliqua. Ut enim ad minim veniam, quis nostrud exercitation ullamco laboris nisi ut aliquip ex ea commodo consequat. Duis aute irure dolor in reprehenderit in voluptate velit esse cillum dolore eu fugiat nulla pariatur. Excepteur sint occaecat cupidatat non proident, sunt in culpa qui officia deserunt mollit anim id est laborum', 58940),
(7, 'Usługi logistyczne', 'Lorem ipsum dolor sit amet, consectetur adipiscing elit, sed do eiusmod tempor incididunt ut labore et dolore magna aliqua. Ut enim ad minim veniam, quis nostrud exercitation ullamco laboris nisi ut aliquip ex ea commodo consequat. Duis aute irure dolor in reprehenderit in voluptate velit esse cillum dolore eu fugiat nulla pariatur. Excepteur sint occaecat cupidatat non proident, sunt in culpa qui officia deserunt mollit anim id est laborum', 9200);

INSERT INTO `track_details` (`Track_ID`, `Data_rozpoczecia`, `Data_zakonczenia`, `Order_ID`, `Dlugosc`, `Przewidywana_pogoda`, `sredni_stan_asfaltu`, `Punkt_startowy`, `Punkt_docelowy`, `Przewidywany_czas`) VALUES
(1, '2002-10-18', '2022-10-25', 1, 2223, 'mglista', 'średni', 'Zongzhai', 'Keli', 468),
(2, '2008-11-18', '2018-02-28', 2, 1242, 'słoneczna', 'nowy', 'Sidomukti', 'Sirindhorn', 167),
(3, '2001-06-12', '2020-05-14', 3, 2562, 'wietrzna', 'średni', 'Camatindi', 'Habingkloang', 282),
(4, '2006-05-20', '2017-07-08', 4, 1983, 'śnieżna', 'dobry', 'São Domingos de Rana', 'Phra Yuen', 279),
(5, '2004-11-30', '2012-04-20', 5, 2186, 'burzowa', 'średni', 'Florencio Varela', 'Hengfeng', 170),
(6, '2003-11-27', '2011-07-03', 6, 3655, 'wietrzna', 'średni', 'Angeghakot’', 'Luxor', 126),
(7, '2004-10-29', '2012-08-12', 7, 1300, 'burzowa', 'tragiczny', 'Jinzao', '‘Ibrī', 473),
(8, '2000-12-12', '2010-02-03', 8, 1931, 'deszczowa', 'tragiczny', 'Cateel', 'Vyselki', 190),
(9, '2002-04-21', '2015-10-09', 9, 2681, 'deszczowa', 'tragiczny', 'Pervomaysk', 'Vänersborg', 416),
(10, '2005-11-21', '2022-05-27', 10, 3444, 'deszczowa', 'dobry', 'Karlskrona', 'Campos', 182),
(11, '2005-04-17', '2016-07-25', 11, 920, 'deszczowa', 'średni', 'Gobang', 'Severnyy', 403),
(12, '2008-09-07', '2020-02-29', 12, 3818, 'deszczowa', 'zły', 'Molagavita', 'Muzayri‘', 139),
(13, '2006-02-22', '2014-12-24', 13, 822, 'śnieżna', 'dobry', 'Aban', 'Tongqian', 280),
(14, '2003-05-24', '2013-01-09', 14, 408, 'śnieżna', 'średni', 'Valbo', 'Végueta', 495),
(15, '2003-06-12', '2021-10-09', 15, 2361, 'śnieżna', 'nowy', 'Kimito', 'Huaguoshan', 425),
(16, '2003-09-10', '2012-10-15', 16, 745, 'burzowa', 'dobry', 'Anse à Galets', 'Wāling', 103),
(17, '2005-08-01', '2016-03-29', 17, 1371, 'wietrzna', 'zły', 'Stoszowice', 'Stefanavíkion', 343),
(18, '2004-11-22', '2022-12-07', 18, 3467, 'śnieżna', 'zły', 'La Paz de Oriente', 'Pyhäselkä', 166),
(19, '2007-06-10', '2013-06-02', 19, 1698, 'mglista', 'tragiczny', 'Blansko', 'Burao', 321),
(20, '2003-09-12', '2020-11-10', 20, 3126, 'wietrzna', 'nowy', 'Jishui', 'Henghe', 422),
(21, '2007-10-05', '2021-07-02', 21, 1463, 'burzowa', 'nowy', 'Boca de Parita', 'Thị Trấn Mộc Châu', 357),
(22, '2007-02-24', '2019-03-02', 22, 1235, 'śnieżna', 'dobry', 'Banraeaba Village', 'Ash Shuyūkh', 62),
(23, '2001-10-23', '2012-01-21', 23, 795, 'wietrzna', 'zły', 'Grammatikó', 'Ранковце', 19),
(24, '2001-04-29', '2021-11-04', 24, 1326, 'burzowa', 'dobry', 'Savannakhét', 'Al Maḩjal', 315),
(25, '2008-09-18', '2015-09-18', 25, 2289, 'deszczowa', 'zły', 'Amberd', 'Sumbergayam', 133),
(26, '2001-04-03', '2022-04-07', 26, 2219, 'słoneczna', 'tragiczny', 'Wonorejo', 'Catania', 482),
(27, '2004-11-10', '2014-10-01', 27, 1533, 'śnieżna', 'tragiczny', 'Virje', 'Comrat', 148),
(28, '2009-02-06', '2015-02-01', 28, 2606, 'wietrzna', 'dobry', 'Ferbane', 'Tandaltī', 379),
(29, '2005-07-24', '2012-04-24', 29, 227, 'śnieżna', 'dobry', 'Pedra', 'Tarutung', 7),
(30, '2007-04-29', '2014-05-09', 30, 323, 'burzowa', 'zły', 'Tha Mai', 'Sumberdangdang', 42),
(31, '2007-07-01', '2018-04-16', 31, 800, 'śnieżna', 'tragiczny', 'San Pablo', 'Orenburg', 343),
(32, '2008-10-24', '2015-06-29', 32, 3657, 'wietrzna', 'zły', 'Huacho', 'Athens', 392),
(33, '2003-07-14', '2018-11-07', 33, 1628, 'słoneczna', 'średni', 'Yongqin', 'Shifang', 99),
(34, '2007-05-02', '2015-07-17', 34, 3077, 'wietrzna', 'dobry', 'København', 'Banatsko Karađorđevo', 402),
(35, '2001-08-29', '2011-06-24', 35, 2720, 'śnieżna', 'tragiczny', 'Safotulafai', 'Foxrock', 419),
(36, '2000-07-18', '2014-02-15', 36, 769, 'śnieżna', 'dobry', 'Xingyi', 'Linköping', 496),
(37, '2001-07-10', '2012-08-10', 37, 283, 'wietrzna', 'zły', 'Keli', 'Stockholm', 245),
(38, '2009-02-27', '2013-12-21', 38, 3705, 'słoneczna', 'średni', 'Pryazovs’ke', 'Kokopo', 121),
(39, '2000-03-12', '2020-08-21', 39, 2818, 'słoneczna', 'średni', 'Kiuruvesi', 'Shilovo', 125),
(40, '2003-04-04', '2014-05-28', 40, 3533, 'deszczowa', 'zły', 'Maninihon', 'Vodstroy', 80),
(41, '2003-06-24', '2011-01-16', 41, 3206, 'śnieżna', 'dobry', 'Memphis', 'Borås', 488),
(42, '2005-04-03', '2010-11-18', 42, 3853, 'deszczowa', 'średni', 'Roma', 'Montfavet', 183),
(43, '2002-12-31', '2017-02-14', 43, 3086, 'burzowa', 'zły', 'Youcheng', 'Hrob', 67),
(44, '2005-06-26', '2011-02-14', 44, 3629, 'burzowa', 'nowy', 'Loughrea', 'Yushan', 354),
(45, '2003-08-14', '2015-08-23', 45, 1180, 'deszczowa', 'tragiczny', 'Safonovo', 'Wanghu', 284),
(46, '2008-09-19', '2018-04-05', 46, 2506, 'deszczowa', 'tragiczny', 'Sanjinquan', 'Fuerte', 140),
(47, '2004-11-10', '2022-04-28', 47, 288, 'śnieżna', 'dobry', 'Tayabo', 'Tanjungbatu', 56),
(48, '2004-12-26', '2021-04-19', 48, 99, 'śnieżna', 'tragiczny', 'Kajar', 'Zhongben', 13),
(49, '2007-05-20', '2020-12-29', 49, 1701, 'deszczowa', 'średni', 'Zhuangke', 'Terpsithéa', 215),
(50, '2008-09-10', '2018-02-16', 50, 2304, 'śnieżna', 'tragiczny', 'Colquechaca', 'Malata', 398),
(51, '2006-08-28', '2020-02-18', 51, 3124, 'burzowa', 'dobry', 'Zaragoza', 'Kwali', 32),
(52, '2008-01-30', '2010-06-05', 52, 1185, 'mglista', 'średni', 'Tbilisskaya', 'Naranjal', 90),
(53, '2002-10-21', '2018-11-17', 53, 1788, 'słoneczna', 'dobry', 'Sanyang', 'Charyshskoye', 363),
(54, '2003-04-03', '2014-05-16', 54, 1211, 'wietrzna', 'tragiczny', 'San Isidro', 'Pietà', 462),
(55, '2000-03-18', '2021-09-21', 55, 2307, 'deszczowa', 'dobry', 'Konstancin-Jeziorna', 'Balin', 109),
(56, '2000-12-03', '2012-07-02', 56, 3236, 'wietrzna', 'nowy', 'Krzęcin', 'Bajram Curri', 162),
(57, '2008-04-19', '2020-12-16', 57, 2788, 'burzowa', 'zły', 'Krasnoye', 'Shijie', 318),
(58, '2008-02-04', '2017-12-13', 58, 3873, 'deszczowa', 'tragiczny', 'Kurmanayevka', 'Penteado', 179),
(59, '2003-09-25', '2018-10-13', 59, 444, 'deszczowa', 'dobry', 'Saint Louis', 'Alfenas', 479),
(60, '2001-12-30', '2011-08-15', 60, 2455, 'słoneczna', 'dobry', 'Jiulonggang', 'Jimenez', 210),
(61, '2004-02-05', '2014-04-03', 61, 3122, 'śnieżna', 'zły', 'Trompsburg', 'Czemierniki', 75),
(62, '2009-05-02', '2020-04-22', 62, 411, 'słoneczna', 'średni', 'Chuqui Chuqui', 'Jesús María', 53),
(63, '2007-07-08', '2014-11-26', 63, 3218, 'wietrzna', 'dobry', 'Huancheng', 'Boden', 14),
(64, '2008-05-21', '2017-08-13', 64, 761, 'deszczowa', 'dobry', 'Kalenderovci Donji', 'Pendembu', 162),
(65, '2004-07-17', '2012-11-27', 65, 1025, 'deszczowa', 'nowy', 'Xinqiao', 'Daykitin', 288),
(66, '2004-03-04', '2016-03-02', 66, 1545, 'mglista', 'dobry', 'Karvia', 'Kastélli', 169),
(67, '2002-04-30', '2022-12-17', 67, 837, 'słoneczna', 'nowy', 'Shuiquan', 'Goiânia', 239),
(68, '2000-03-20', '2013-01-10', 68, 2572, 'deszczowa', 'dobry', 'Kesheng', 'Pambuhan', 425),
(69, '2008-02-11', '2021-07-24', 69, 3307, 'słoneczna', 'tragiczny', 'Jincheng', 'Manggissari', 146),
(70, '2008-12-02', '2012-11-08', 70, 3847, 'wietrzna', 'zły', 'Sukasetia', 'Nghi Xuân', 268),
(71, '2007-04-04', '2011-05-23', 71, 2465, 'mglista', 'nowy', 'Jaunpiebalga', 'Sladna', 81),
(72, '2005-02-17', '2011-08-03', 72, 442, 'słoneczna', 'dobry', 'Tabalong', 'Xingfu', 13),
(73, '2005-10-30', '2022-10-22', 73, 3650, 'śnieżna', 'nowy', 'Dédougou', 'Shar’ya', 335),
(74, '2007-06-07', '2015-05-10', 74, 3456, 'deszczowa', 'dobry', 'Qui Nhon', 'El Quetzal', 84),
(75, '2006-06-01', '2011-10-28', 75, 47, 'śnieżna', 'zły', 'Néma', 'Dodol', 209),
(76, '2007-03-19', '2011-08-02', 76, 3694, 'śnieżna', 'tragiczny', 'Stanovoye', 'Itaboraí', 385),
(77, '2005-04-19', '2017-03-11', 77, 1764, 'śnieżna', 'dobry', 'Pisangkemeng', 'Kihurio', 103),
(78, '2004-11-11', '2017-08-22', 78, 717, 'śnieżna', 'nowy', 'São Luís', 'Krmelín', 390),
(79, '2005-04-11', '2017-01-24', 79, 3404, 'śnieżna', 'tragiczny', 'Yuanping', 'Närpes', 431),
(80, '2000-04-23', '2017-02-10', 80, 1928, 'burzowa', 'nowy', 'Sungai Nyamuk', 'Solomenskoye', 29),
(81, '2001-06-18', '2014-02-04', 81, 1560, 'wietrzna', 'tragiczny', 'Lai Lai Bisi Kopan', 'Huaihe', 199),
(82, '2003-11-23', '2017-08-26', 82, 1845, 'śnieżna', 'zły', 'Ar Rass', 'Viitasaari', 272),
(83, '2000-03-29', '2014-11-21', 83, 3686, 'słoneczna', 'nowy', 'Washington', '‘Irbīn', 461),
(84, '2007-05-18', '2016-08-03', 84, 460, 'deszczowa', 'tragiczny', 'Ystad', 'Calaba', 110),
(85, '2006-02-03', '2013-08-11', 85, 1858, 'burzowa', 'nowy', 'Norrköping', 'Shibukawa', 155),
(86, '2006-08-11', '2010-06-08', 86, 1380, 'deszczowa', 'dobry', 'Legionowo', 'Gaotan', 53),
(87, '2000-07-20', '2012-01-10', 87, 3175, 'mglista', 'dobry', 'Ulapes', 'Hà Tiên', 302),
(88, '2001-01-16', '2012-07-27', 88, 932, 'słoneczna', 'nowy', 'Kungur', 'Bistrica pri Tržiču', 311),
(89, '2000-09-21', '2012-02-08', 89, 1472, 'burzowa', 'tragiczny', 'North Little Rock', 'Kristiansund N', 219),
(90, '2004-11-21', '2014-03-02', 90, 700, 'deszczowa', 'średni', 'Maastricht', 'Podstepki', 215),
(91, '2002-12-15', '2010-01-11', 91, 1049, 'burzowa', 'nowy', 'Turi', 'Hebei', 50),
(92, '2008-01-16', '2020-04-17', 92, 1946, 'słoneczna', 'nowy', 'Ban Na San', 'Independencia', 463),
(93, '2000-08-24', '2012-06-20', 93, 2687, 'śnieżna', 'dobry', 'Longos', 'Xinyan', 61),
(94, '2009-03-26', '2012-09-29', 94, 2455, 'mglista', 'tragiczny', 'Gonghe', 'Itapicuru', 379),
(95, '2001-10-23', '2012-11-04', 95, 964, 'słoneczna', 'nowy', 'Masaki-chō', 'Fram', 359),
(96, '2005-02-23', '2020-10-24', 96, 3366, 'mglista', 'średni', 'Matlang', 'Dengjia', 343),
(97, '2004-06-29', '2014-07-11', 97, 429, 'śnieżna', 'dobry', 'Batulawang', 'Jampang Tengah', 307),
(98, '2001-10-09', '2012-11-21', 98, 156, 'słoneczna', 'tragiczny', 'Marietta', 'Jiaoxiyakou', 200),
(99, '2002-11-27', '2020-03-22', 99, 3536, 'burzowa', 'dobry', 'Sidem', 'Kotlovka', 12),
(100, '2008-03-08', '2014-12-03', 100, 1785, 'słoneczna', 'tragiczny', 'Zhangjiawan', 'Lincheng', 459);

INSERT INTO `trailers` (`Trailer_ID`, `Typ`, `Ladownosc_max`, `Dostepnosc`) VALUES
(1, 'plandeka', 18538, 1),
(2, 'cysterna', 17769, 0),
(3, 'kontenerowa', 18306, 1),
(4, 'cysterna', 17000, 1),
(5, 'plandeka', 16408, 0),
(6, 'kontenerowa', 10632, 1),
(7, 'cysterna', 18159, 1),
(8, 'platforma', 15424, 0),
(9, 'plandeka', 17776, 1),
(10, 'plandeka', 12000, 0),
(11, 'platforma', 19399, 1),
(12, 'cysterna', 11750, 1),
(13, 'cysterna', 11229, 1),
(14, 'chłodnia', 14083, 0),
(15, 'kontenerowa', 13895, 1),
(16, 'kontenerowa', 15189, 0),
(17, 'firanka', 12408, 1),
(18, 'plandeka', 16103, 0),
(19, 'chłodnia', 19772, 1),
(20, 'kontenerowa', 12745, 1),
(21, 'kontenerowa', 12071, 1),
(22, 'kontenerowa', 17790, 1),
(23, 'firanka', 14045, 0),
(24, 'firanka', 12050, 1),
(25, 'kontenerowa', 19133, 1),
(26, 'plandeka', 10014, 1),
(27, 'kontenerowa', 16563, 0),
(28, 'firanka', 19821, 1),
(29, 'chłodnia', 17143, 1),
(30, 'chłodnia', 10943, 0),
(31, 'platforma', 12546, 0),
(32, 'kontenerowa', 17375, 0),
(33, 'chłodnia', 19496, 0),
(34, 'kontenerowa', 15061, 1),
(35, 'plandeka', 14650, 0),
(36, 'platforma', 18099, 0),
(37, 'kontenerowa', 17817, 0),
(38, 'kontenerowa', 12393, 1),
(39, 'platforma', 17598, 0),
(40, 'platforma', 17220, 1),
(41, 'firanka', 17498, 0),
(42, 'platforma', 12676, 0),
(43, 'firanka', 13370, 0),
(44, 'platforma', 13125, 0),
(45, 'kontenerowa', 11741, 0),
(46, 'chłodnia', 10888, 0),
(47, 'plandeka', 15987, 0),
(48, 'platforma', 17452, 0),
(49, 'platforma', 10857, 0),
(50, 'chłodnia', 11583, 0),
(51, 'cysterna', 15833, 1),
(52, 'platforma', 12338, 1),
(53, 'kontenerowa', 19039, 0),
(54, 'plandeka', 18353, 0),
(55, 'cysterna', 17719, 0),
(56, 'chłodnia', 12919, 0),
(57, 'plandeka', 18780, 1),
(58, 'cysterna', 11092, 0),
(59, 'firanka', 13701, 0),
(60, 'kontenerowa', 16298, 0),
(61, 'kontenerowa', 12660, 1),
(62, 'chłodnia', 10927, 0),
(63, 'cysterna', 13387, 0),
(64, 'cysterna', 10018, 1),
(65, 'kontenerowa', 15584, 1),
(66, 'chłodnia', 15908, 1),
(67, 'cysterna', 13407, 1),
(68, 'platforma', 11791, 0),
(69, 'cysterna', 15761, 0),
(70, 'chłodnia', 14344, 1),
(71, 'plandeka', 13948, 0),
(72, 'plandeka', 15046, 1),
(73, 'chłodnia', 16617, 0),
(74, 'kontenerowa', 12882, 0),
(75, 'platforma', 10111, 1),
(76, 'kontenerowa', 16788, 1),
(77, 'firanka', 13681, 1),
(78, 'plandeka', 10640, 0),
(79, 'firanka', 10654, 1),
(80, 'chłodnia', 12911, 1),
(81, 'kontenerowa', 13368, 1),
(82, 'platforma', 17649, 1),
(83, 'platforma', 13892, 0),
(84, 'chłodnia', 16985, 1),
(85, 'plandeka', 10365, 1),
(86, 'cysterna', 14248, 1),
(87, 'cysterna', 11590, 0),
(88, 'kontenerowa', 11236, 1),
(89, 'kontenerowa', 16246, 0),
(90, 'cysterna', 15583, 1),
(91, 'cysterna', 12911, 0),
(92, 'plandeka', 18344, 0),
(93, 'cysterna', 12755, 1),
(94, 'plandeka', 17273, 1),
(95, 'cysterna', 18988, 0),
(96, 'cysterna', 16656, 0),
(97, 'cysterna', 14863, 1),
(98, 'plandeka', 14754, 1),
(99, 'cysterna', 15939, 0),
(100, 'kontenerowa', 10577, 0);

INSERT INTO `trainings` (`Training_ID`, `Temat`, `Data`, `Miejsce`, `Nazwisko_prowadzacego`) VALUES
(1, 'integer a nibh in quis justo maecenas rhoncus aliquam lacus', '2019-07-21', 'Hongsipu', 'Holyland'),
(2, 'sed magna at nunc commodo placerat praesent blandit nam', '2005-09-02', 'Tuopu Luke', 'Terram'),
(3, 'quam turpis adipiscing lorem vitae', '2007-08-23', 'Dāngām', 'Dodell'),
(4, 'nisi eu orci mauris', '2019-09-12', 'Dengfang', 'Went'),
(5, 'odio in hac habitasse platea dictumst maecenas ut massa quis', '2003-02-22', 'Áno Liósia', 'Eschalette'),
(6, 'blandit mi in porttitor', '2009-09-30', 'Saint-Quentin', 'Smidmore'),
(7, 'sollicitudin mi', '2013-09-15', 'Guider', 'Worlidge'),
(8, 'nunc commodo placerat praesent blandit', '2004-01-07', 'Jieshui', 'Roullier'),
(9, 'augue vestibulum rutrum rutrum neque aenean auctor gravida sem', '2006-05-20', 'Courtaboeuf', 'Roft'),
(10, 'tortor duis mattis egestas metus', '2002-02-21', 'Grodków', 'Yearnes'),
(11, 'eget massa tempor convallis nulla', '2016-01-04', 'Bader', 'Gabel'),
(12, 'eleifend donec ut', '2017-02-26', 'Haninge', 'Lube'),
(13, 'bibendum felis sed interdum venenatis turpis enim blandit mi in', '2014-06-02', 'Mahates', 'Hoonahan'),
(14, 'sed interdum venenatis turpis enim blandit mi in porttitor pede', '2011-11-18', 'Rouyuan', 'Camock'),
(15, 'volutpat', '2003-06-01', 'Turmus‘ayyā', 'Searchfield'),
(16, 'ultrices phasellus id sapien in sapien iaculis congue vivamus', '2000-05-06', 'Chavães', 'Neary'),
(17, 'sollicitudin mi sit amet lobortis', '2004-04-21', 'Unión', 'Rankling'),
(18, 'sapien non mi integer ac neque duis', '2008-03-18', 'Ambato', 'Pinckstone'),
(19, 'interdum in ante', '2000-06-04', 'Chernukha', 'Pearmain'),
(20, 'molestie sed justo pellentesque viverra pede ac diam cras pellentesque', '2004-08-26', 'Iradan', 'Bohl'),
(21, 'maecenas pulvinar lobortis est phasellus sit amet erat', '2021-07-03', 'Chorkówka', 'Comrie'),
(22, 'dictumst morbi vestibulum velit id pretium iaculis diam', '2000-05-13', 'Huangtukuang', 'Marham'),
(23, 'non mattis pulvinar nulla pede ullamcorper augue a suscipit', '2005-07-10', 'Maliq', 'Gye'),
(24, 'vel accumsan tellus nisi eu orci mauris lacinia sapien', '2015-06-06', 'Tambalisa', 'Caruth'),
(25, 'orci', '2004-09-11', 'Vila Nova Sintra', 'Attridge'),
(26, 'nec sem duis', '2014-09-20', 'Hobo', 'Fearn'),
(27, 'pede malesuada in imperdiet et commodo vulputate justo in blandit', '2019-05-12', 'Ban Nong Wua So', 'Gath'),
(28, 'morbi vel lectus in quam fringilla rhoncus', '2018-04-29', 'Goundam', 'Jakucewicz'),
(29, 'justo lacinia eget tincidunt eget', '2005-05-26', 'Vale de São Cosme', 'Pauncefoot'),
(30, 'duis mattis', '2010-05-08', 'Sortavala', 'Youthead'),
(31, 'pede morbi porttitor lorem id ligula suspendisse ornare consequat lectus', '2000-03-11', 'Irving', 'Balma'),
(32, 'et ultrices posuere cubilia curae duis faucibus accumsan odio curabitur', '2003-10-30', 'Tobias Fornier', 'Mowday'),
(33, 'convallis tortor', '2002-06-15', 'Ljungbyholm', 'Gossop'),
(34, 'vulputate ut ultrices vel augue vestibulum ante ipsum primis', '2000-09-12', 'Kalamáta', 'Adanet'),
(35, 'tellus nisi eu orci mauris lacinia sapien quis', '2009-07-27', 'Atescatempa', 'Asman'),
(36, 'vel accumsan tellus nisi eu orci mauris', '2010-10-12', 'Hengjie', 'Lantiffe'),
(37, 'in', '2004-03-04', 'Koper', 'Dwerryhouse'),
(38, 'ut at dolor quis odio consequat', '2009-10-11', 'Banjar Cemenggon', 'Papachristophorou'),
(39, 'erat fermentum', '2011-06-04', 'Talugtug', 'Hugill'),
(40, 'magna vestibulum aliquet ultrices erat tortor sollicitudin mi', '2021-03-17', 'Pamotan', 'Seakes'),
(41, 'ac neque duis bibendum morbi', '2001-12-25', 'Huwei', 'Cargenven'),
(42, 'ligula in lacus curabitur at ipsum ac', '2008-09-21', 'Bukavu', 'McGaugan'),
(43, 'vehicula consequat morbi a', '2014-05-15', 'Yarumal', 'Curbishley'),
(44, 'vel ipsum praesent blandit lacinia erat vestibulum sed', '2017-02-22', 'Tucson', 'Altimas'),
(45, 'luctus et ultrices posuere cubilia', '2003-04-24', 'Tebingtinggi', 'Summerill'),
(46, 'sed tristique in tempus', '2019-08-20', 'Wang Sam Mo', 'Ayshford'),
(47, 'consectetuer adipiscing elit', '2020-06-28', 'Nikolayevka', 'Glass'),
(48, 'cursus id turpis integer aliquet massa id lobortis convallis tortor', '2021-08-01', 'Balogo', 'Hathwood'),
(49, 'blandit non interdum in ante vestibulum ante ipsum primis', '2008-01-14', 'Purificación', 'Grayer'),
(50, 'consectetuer eget rutrum at lorem integer tincidunt', '2017-01-27', 'Owczarnia', 'Bener'),
(51, 'id ligula suspendisse ornare consequat lectus in est risus', '2018-12-12', 'La Cruz', 'Klaaassen'),
(52, 'volutpat dui maecenas tristique est et', '2012-12-18', 'Limoeiro', 'Idney'),
(53, 'in hac habitasse platea dictumst aliquam augue quam sollicitudin vitae', '2010-09-16', 'Lianga', 'Gensavage'),
(54, 'quis justo maecenas rhoncus aliquam lacus morbi quis tortor', '2015-05-07', 'Laholm', 'McComas'),
(55, 'neque duis bibendum morbi non quam', '2000-11-10', 'Xamba', 'Simonazzi'),
(56, 'est lacinia nisi venenatis tristique', '2001-03-01', 'Suishan', 'Neaverson'),
(57, 'vulputate', '2021-05-04', 'Campanário', 'Sawday'),
(58, 'donec quis orci eget orci', '2007-01-07', 'Xinzhou', 'Chown'),
(59, 'sapien ut nunc vestibulum ante ipsum primis in faucibus orci', '2011-05-17', 'Armenia', 'Barcroft'),
(60, 'curabitur at ipsum ac tellus semper interdum', '2020-10-24', 'Zhoujiadian', 'Leitch'),
(61, 'et eros vestibulum ac est lacinia nisi', '2010-12-23', 'Jianlong', 'Greenhalgh'),
(62, 'et ultrices posuere cubilia curae donec pharetra magna vestibulum', '2018-08-16', 'Phatthalung', 'MacIlurick'),
(63, 'aliquam augue quam sollicitudin vitae consectetuer', '2011-04-30', 'Anfeng', 'Attenborrow'),
(64, 'quam fringilla', '2003-01-19', 'Wojnicz', 'Oppy'),
(65, 'luctus', '2005-06-05', 'Panaoti', 'Sergent'),
(66, 'dis parturient', '2007-12-05', 'Cojutepeque', 'Rudwell'),
(67, 'faucibus orci luctus et ultrices posuere cubilia', '2004-10-15', 'Turrialba', 'Teggart'),
(68, 'rutrum rutrum neque aenean auctor gravida', '2020-10-23', 'Cojutepeque', 'MacGarvey'),
(69, 'justo sollicitudin ut suscipit a', '2007-02-03', 'Zhijiang', 'Southgate'),
(70, 'suspendisse potenti nullam', '2012-05-23', 'Tadmur', 'Hamerton'),
(71, 'mauris vulputate elementum nullam varius nulla facilisi', '2020-08-31', 'Wanmao', 'Weatherhead'),
(72, 'nisl duis ac nibh', '2021-12-03', 'Huolongmen', 'Easterfield'),
(73, 'in hac habitasse platea dictumst aliquam augue quam', '2003-11-25', 'Liushi', 'Blesdill'),
(74, 'eleifend pede libero quis orci nullam molestie nibh in lectus', '2022-01-02', 'Mekarjaya Satu', 'Jaime'),
(75, 'vitae quam suspendisse', '2011-10-24', 'Nanfeng', 'Skittrell'),
(76, 'etiam vel augue vestibulum rutrum rutrum', '2005-03-24', 'Causip', 'Rippingall'),
(77, 'est risus auctor sed tristique', '2018-10-25', 'Borok', 'Eldritt'),
(78, 'consectetuer eget rutrum at lorem integer', '2007-02-01', 'Nobinobi', 'McCourtie'),
(79, 'dolor vel est', '2006-08-31', 'Yiqi', 'Alkin'),
(80, 'velit vivamus vel', '2011-12-25', 'Gaoguan', 'Ganny'),
(81, 'lorem integer tincidunt', '2015-02-23', 'Estreito', 'Branscombe'),
(82, 'vestibulum ac est lacinia nisi', '2021-09-28', 'São Pedro de Trafaria', 'Feben'),
(83, 'in tempus sit amet sem fusce consequat', '2009-07-19', 'Ponta Delgada', 'Dufer'),
(84, 'urna pretium nisl ut volutpat sapien arcu', '2003-10-09', 'Chociwel', 'Lowey'),
(85, 'feugiat non pretium quis lectus suspendisse potenti in eleifend', '2008-10-14', 'Heishui', 'Delacourt'),
(86, 'tempor convallis nulla neque libero convallis eget eleifend luctus', '2001-06-16', 'Kertorejo', 'Geddis'),
(87, 'massa', '2011-05-04', '‘Amrān', 'Hamflett'),
(88, 'viverra eget congue', '2007-04-28', 'Yuezhao', 'Iacapucci'),
(89, 'vestibulum proin eu mi nulla ac enim', '2004-06-21', 'Ljungsbro', 'Welberry'),
(90, 'dolor quis odio consequat varius integer ac', '2009-02-15', 'Yangyu', 'Conant'),
(91, 'non', '2014-04-29', 'Xuguang', 'Wakeford'),
(92, 'iaculis congue', '2004-02-02', 'Shuanglu', 'Boutellier'),
(93, 'ipsum integer a nibh in quis justo maecenas rhoncus', '2013-10-10', 'Šilheřovice', 'Glencross'),
(94, 'aenean lectus', '2009-10-24', 'Lingyuan', 'Fidell'),
(95, 'nisi venenatis tristique fusce', '2004-12-05', 'Daqiao', 'Sieur'),
(96, 'mauris laoreet ut rhoncus aliquet pulvinar sed nisl nunc rhoncus', '2011-10-03', 'Funan Chengguanzhen', 'Beardwell'),
(97, 'eleifend luctus ultricies eu', '2014-11-28', 'San Antonio', 'Cleverley'),
(98, 'nec euismod', '2009-10-13', 'Lubāna', 'Peyntue'),
(99, 'sit amet turpis elementum ligula', '2014-02-16', 'Bulbul', 'Fishpool'),
(100, 'velit eu est congue elementum in hac habitasse platea dictumst', '2004-10-31', 'Güiria', 'Skitral');

INSERT INTO `trucks` (`Truck_ID`, `Marka`, `Model`, `Spalanie`, `Przebieg`) VALUES
(1, 'Audi', 'S6', 16, 359955),
(2, 'Mercedes-Benz', 'SL-Class', 26, 385546),
(3, 'Jeep', 'Patriot', 20, 850908),
(4, 'Chevrolet', 'Impala', 11, 487809),
(5, 'Mercedes-Benz', '300SL', 18, 577095),
(6, 'Audi', 'Quattro', 18, 202298),
(7, 'Ford', 'F150', 26, 295931),
(8, 'Mercedes-Benz', 'M-Class', 21, 920463),
(9, 'Chevrolet', 'Astro', 28, 980266),
(10, 'Daihatsu', 'Rocky', 16, 901236),
(11, 'Merkur', 'XR4Ti', 14, 557620),
(12, 'Mercedes-Benz', 'C-Class', 11, 600314),
(13, 'Mercedes-Benz', 'E-Class', 19, 924199),
(14, 'Chevrolet', 'Avalanche 1500', 29, 46363),
(15, 'Saab', '900', 24, 969729),
(16, 'Mitsubishi', 'Eclipse', 12, 304738),
(17, 'Toyota', 'Venza', 26, 419119),
(18, 'Toyota', '4Runner', 25, 625493),
(19, 'Mitsubishi', 'Galant', 25, 281985),
(20, 'Saturn', 'Sky', 19, 644996),
(21, 'Dodge', 'Dakota Club', 25, 577518),
(22, 'Ford', 'F450', 12, 484685),
(23, 'Suzuki', 'Swift', 11, 906848),
(24, 'Mercedes-Benz', '400SEL', 20, 82911),
(25, 'Maybach', '62', 15, 106937),
(26, 'Mercedes-Benz', 'E-Class', 13, 743491),
(27, 'Eagle', 'Vision', 25, 506811),
(28, 'Mitsubishi', 'Montero', 19, 525309),
(29, 'Volkswagen', 'Scirocco', 20, 695518),
(30, 'GMC', 'Yukon XL 1500', 27, 543675),
(31, 'GMC', 'Yukon XL 1500', 17, 515318),
(32, 'Buick', 'Reatta', 27, 877734),
(33, 'Mercedes-Benz', 'SL-Class', 28, 255574),
(34, 'Volvo', 'C30', 18, 50399),
(35, 'Ford', 'Bronco II', 25, 480970),
(36, 'Chevrolet', 'Astro', 24, 498611),
(37, 'Ford', 'Probe', 21, 741495),
(38, 'Hummer', 'H3', 25, 121394),
(39, 'Porsche', '944', 21, 756668),
(40, 'Ford', 'Five Hundred', 19, 674514),
(41, 'Chevrolet', 'Silverado 2500', 15, 288195),
(42, 'Nissan', 'Quest', 28, 583967),
(43, 'Mercury', 'Grand Marquis', 18, 633902),
(44, 'Chevrolet', 'Silverado 2500', 20, 878672),
(45, 'Porsche', '968', 12, 703150),
(46, 'Mazda', 'Mazdaspeed6', 12, 482695),
(47, 'Isuzu', 'Hombre', 18, 832247),
(48, 'Jeep', 'Compass', 30, 546792),
(49, 'Chrysler', 'PT Cruiser', 19, 759720),
(50, 'Volvo', 'C70', 21, 257334),
(51, 'Pontiac', 'Grand Prix', 16, 684035),
(52, 'Subaru', 'Impreza', 11, 142235),
(53, 'Chevrolet', 'Tracker', 10, 55515),
(54, 'Geo', 'Tracker', 10, 555652),
(55, 'Mercury', 'Villager', 25, 108859),
(56, 'Infiniti', 'Q', 17, 53417),
(57, 'Saab', '9-5', 24, 51754),
(58, 'Nissan', 'Pathfinder', 27, 957183),
(59, 'Mercedes-Benz', 'S-Class', 23, 13771),
(60, 'Nissan', 'Frontier', 29, 561638),
(61, 'Ford', 'GT500', 13, 296071),
(62, 'Honda', 'Accord', 25, 923272),
(63, 'Hummer', 'H2 SUV', 16, 891135),
(64, 'Chrysler', 'Town & Country', 17, 73657),
(65, 'Honda', 'CR-V', 17, 643680),
(66, 'Nissan', 'Sentra', 27, 682319),
(67, 'Chrysler', 'Sebring', 18, 37115),
(68, 'Toyota', 'Highlander Hybrid', 11, 972298),
(69, 'GMC', 'Acadia', 30, 850553),
(70, 'Mercedes-Benz', 'SLK-Class', 14, 716342),
(71, 'Rolls-Royce', 'Phantom', 17, 278460),
(72, 'Chevrolet', 'Suburban 2500', 27, 823917),
(73, 'Oldsmobile', 'Cutlass', 19, 44742),
(74, 'Jeep', 'Grand Cherokee', 17, 487034),
(75, 'Mazda', 'Navajo', 13, 105028),
(76, 'Volkswagen', 'Touareg', 20, 468133),
(77, 'Honda', 'Prelude', 13, 281650),
(78, 'Lincoln', 'Navigator', 26, 778984),
(79, 'BMW', 'M Roadster', 18, 279629),
(80, 'Volvo', 'XC70', 18, 673441),
(81, 'Mercedes-Benz', 'M-Class', 16, 268165),
(82, 'Audi', 'Q7', 28, 67909),
(83, 'Land Rover', 'Range Rover', 28, 916331),
(84, 'Dodge', 'Daytona', 22, 526152),
(85, 'Honda', 'del Sol', 26, 79738),
(86, 'Bentley', 'Continental', 12, 39741),
(87, 'GMC', '3500', 12, 909205),
(88, 'Toyota', 'Corolla', 26, 710605),
(89, 'Daewoo', 'Lanos', 12, 627392),
(90, 'Chevrolet', 'Tahoe', 20, 88247),
(91, 'Toyota', 'Camry', 27, 668629),
(92, 'Audi', 'A5', 25, 994922),
(93, 'Mercedes-Benz', 'S-Class', 17, 589696),
(94, 'Land Rover', 'Discovery', 16, 97189),
(95, 'Ford', 'F250', 12, 650932),
(96, 'Ford', 'Mustang', 26, 773973),
(97, 'Audi', 'S4', 14, 377991),
(98, 'Jaguar', 'XJ Series', 23, 272014),
(99, 'Hyundai', 'Accent', 23, 55709),
(100, 'Chevrolet', 'HHR', 17, 476598);

INSERT INTO `trucksinservice` (`Truck_serviced_ID`, `Opis_usterki`, `data_przyjecia`, `data_wydania`, `Progress`, `historia_serwisu`, `Truck_ID`) VALUES
(1, 'nunc rhoncus dui vel sem sed sagittis nam congue risus semper', '2002-05-09', '2014-07-06', 'w trakcie', 'leo odio porttitor id consequat in consequat ut nulla sed accumsan felis', 1),
(2, 'in quis justo maecenas rhoncus aliquam lacus morbi quis tortor id', '2006-08-20', '2010-08-05', 'oczekujący', 'ornare consequat lectus in est risus auctor sed tristique in tempus sit amet sem', 2),
(3, 'diam neque vestibulum eget vulputate ut ultrices vel augue vestibulum ante ipsum primis in', '2006-04-18', '2016-11-03', 'w trakcie', 'at nulla suspendisse potenti cras in purus eu magna vulputate', 3),
(4, 'pellentesque volutpat dui maecenas tristique est et tempus semper est quam pharetra magna ac consequat metus sapien ut nunc', '2003-01-25', '2020-09-19', 'w trakcie', 'posuere cubilia curae nulla dapibus dolor vel est donec odio justo sollicitudin ut suscipit a feugiat et eros', 4),
(5, 'maecenas tristique est et tempus semper est quam pharetra magna ac consequat metus sapien ut nunc vestibulum', '2001-10-02', '2019-05-20', 'w trakcie', 'sit amet justo morbi ut odio cras mi pede malesuada in imperdiet et commodo vulputate justo in blandit ultrices enim', 5),
(6, 'magna vulputate luctus cum sociis natoque penatibus et magnis dis parturient', '2002-04-20', '2018-08-26', 'w trakcie', 'vivamus in felis eu sapien cursus vestibulum proin eu mi nulla ac', 6),
(7, 'morbi vel lectus in quam fringilla rhoncus mauris enim leo rhoncus sed vestibulum', '2006-05-03', '2013-01-25', 'wydany', 'amet diam in magna bibendum imperdiet nullam orci pede venenatis non sodales sed', 7),
(8, 'convallis duis consequat dui nec nisi volutpat eleifend donec ut dolor morbi vel', '2004-03-05', '2018-05-26', 'wydany', 'faucibus accumsan odio curabitur convallis duis consequat dui nec nisi volutpat eleifend donec ut', 8),
(9, 'posuere cubilia curae donec pharetra magna vestibulum aliquet ultrices erat tortor sollicitudin mi sit amet lobortis', '2009-05-24', '2016-11-27', 'oczekujący', 'pulvinar sed nisl nunc rhoncus dui vel sem sed sagittis nam congue', 9),
(10, 'felis fusce posuere felis sed lacus morbi sem mauris laoreet ut rhoncus aliquet pulvinar sed nisl nunc rhoncus dui vel', '2005-03-20', '2019-09-26', 'oczekujący', 'leo maecenas pulvinar lobortis est phasellus sit amet erat nulla tempus vivamus in felis eu sapien cursus vestibulum proin eu', 10),
(11, 'nascetur ridiculus mus vivamus vestibulum sagittis sapien cum sociis natoque penatibus', '2007-01-20', '2017-12-18', 'oczekujący', 'viverra eget congue eget semper rutrum nulla nunc purus phasellus', 11),
(12, 'eget eros elementum pellentesque quisque porta volutpat erat quisque erat eros', '2002-08-11', '2010-10-04', 'w trakcie', 'viverra pede ac diam cras pellentesque volutpat dui maecenas tristique est et tempus semper est quam pharetra magna ac consequat', 12),
(13, 'donec vitae nisi nam ultrices libero non mattis pulvinar nulla', '2008-05-17', '2021-09-16', 'oczekujący', 'mollis molestie lorem quisque ut erat curabitur gravida nisi at', 13),
(14, 'amet sem fusce consequat nulla nisl nunc nisl duis bibendum felis', '2009-10-28', '2010-04-25', 'wydany', 'risus praesent lectus vestibulum quam sapien varius ut blandit non interdum in ante vestibulum ante ipsum primis in faucibus orci', 14),
(15, 'gravida sem praesent id massa id nisl venenatis lacinia aenean sit amet justo morbi ut odio cras mi pede malesuada', '2005-11-17', '2020-09-24', 'wydany', 'in ante vestibulum ante ipsum primis in faucibus orci luctus et ultrices posuere cubilia curae duis', 15),
(16, 'maecenas rhoncus aliquam lacus morbi quis tortor id nulla ultrices aliquet', '2001-02-11', '2011-03-07', 'oczekujący', 'odio consequat varius integer ac leo pellentesque ultrices mattis odio donec vitae nisi nam ultrices libero non mattis pulvinar nulla', 16),
(17, 'duis bibendum felis sed interdum venenatis turpis enim blandit mi', '2006-02-11', '2015-01-31', 'oczekujący', 'ut erat curabitur gravida nisi at nibh in hac habitasse platea dictumst', 17),
(18, 'porta volutpat erat quisque erat eros viverra eget congue eget semper', '2005-03-09', '2020-02-20', 'wydany', 'erat curabitur gravida nisi at nibh in hac habitasse platea dictumst aliquam augue quam', 18),
(19, 'nisl aenean lectus pellentesque eget nunc donec quis orci eget orci vehicula condimentum curabitur in libero ut massa', '2009-09-19', '2018-10-16', 'w trakcie', 'nam dui proin leo odio porttitor id consequat in consequat ut', 19),
(20, 'sit amet sapien dignissim vestibulum vestibulum ante ipsum primis in faucibus orci', '2008-10-10', '2022-03-14', 'oczekujący', 'suscipit a feugiat et eros vestibulum ac est lacinia nisi venenatis', 20),
(21, 'semper rutrum nulla nunc purus phasellus in felis donec semper sapien a', '2009-01-13', '2013-01-30', 'oczekujący', 'scelerisque quam turpis adipiscing lorem vitae mattis nibh ligula nec', 21),
(22, 'quis orci nullam molestie nibh in lectus pellentesque at nulla suspendisse potenti', '2001-04-09', '2017-03-07', 'w trakcie', 'rhoncus dui vel sem sed sagittis nam congue risus semper porta volutpat', 22),
(23, 'proin at turpis a pede posuere nonummy integer non velit donec diam neque vestibulum eget vulputate ut', '2009-02-02', '2020-07-13', 'w trakcie', 'blandit nam nulla integer pede justo lacinia eget tincidunt eget tempus vel pede morbi porttitor', 23),
(24, 'arcu adipiscing molestie hendrerit at vulputate vitae nisl aenean lectus pellentesque', '2006-09-10', '2013-02-16', 'oczekujący', 'maecenas rhoncus aliquam lacus morbi quis tortor id nulla ultrices', 24),
(25, 'duis bibendum morbi non quam nec dui luctus rutrum nulla tellus in sagittis', '2004-11-20', '2020-10-30', 'w trakcie', 'turpis elementum ligula vehicula consequat morbi a ipsum integer a nibh in quis justo maecenas rhoncus', 25),
(26, 'ultrices posuere cubilia curae donec pharetra magna vestibulum aliquet ultrices erat tortor sollicitudin mi', '2002-05-05', '2020-04-17', 'oczekujący', 'nulla neque libero convallis eget eleifend luctus ultricies eu nibh quisque id justo', 26),
(27, 'nulla nunc purus phasellus in felis donec semper sapien a libero nam dui', '2000-11-25', '2018-11-18', 'wydany', 'id turpis integer aliquet massa id lobortis convallis tortor risus', 27),
(28, 'quis turpis eget elit sodales scelerisque mauris sit amet eros suspendisse accumsan tortor quis turpis', '2007-04-12', '2011-04-06', 'wydany', 'nulla nisl nunc nisl duis bibendum felis sed interdum venenatis turpis enim blandit mi in porttitor pede', 28),
(29, 'eu nibh quisque id justo sit amet sapien dignissim vestibulum vestibulum ante ipsum', '2004-06-30', '2016-10-27', 'oczekujący', 'felis sed interdum venenatis turpis enim blandit mi in porttitor pede justo eu massa', 29),
(30, 'augue vestibulum rutrum rutrum neque aenean auctor gravida sem praesent id', '2005-08-19', '2022-02-16', 'oczekujący', 'in faucibus orci luctus et ultrices posuere cubilia curae duis faucibus accumsan odio curabitur convallis duis consequat dui nec', 30),
(31, 'enim lorem ipsum dolor sit amet consectetuer adipiscing elit proin interdum mauris non ligula pellentesque ultrices', '2001-11-15', '2021-12-24', 'oczekujący', 'in faucibus orci luctus et ultrices posuere cubilia curae donec', 31),
(32, 'luctus ultricies eu nibh quisque id justo sit amet sapien dignissim vestibulum vestibulum ante ipsum primis in', '2005-07-04', '2018-06-12', 'w trakcie', 'quis augue luctus tincidunt nulla mollis molestie lorem quisque ut erat curabitur', 32),
(33, 'odio curabitur convallis duis consequat dui nec nisi volutpat eleifend donec ut dolor morbi vel lectus in quam fringilla', '2003-11-16', '2020-12-10', 'oczekujący', 'quam suspendisse potenti nullam porttitor lacus at turpis donec posuere metus vitae', 33),
(34, 'amet justo morbi ut odio cras mi pede malesuada in imperdiet et commodo vulputate justo in blandit ultrices enim', '2009-06-17', '2018-07-23', 'oczekujący', 'blandit ultrices enim lorem ipsum dolor sit amet consectetuer adipiscing elit proin interdum mauris non ligula pellentesque ultrices phasellus id', 34),
(35, 'viverra eget congue eget semper rutrum nulla nunc purus phasellus in felis donec semper sapien a libero nam', '2001-06-29', '2016-06-23', 'wydany', 'odio curabitur convallis duis consequat dui nec nisi volutpat eleifend donec ut dolor morbi vel lectus in', 35),
(36, 'sit amet turpis elementum ligula vehicula consequat morbi a ipsum integer a nibh in quis', '2001-10-27', '2013-06-17', 'oczekujący', 'posuere cubilia curae duis faucibus accumsan odio curabitur convallis duis consequat dui nec nisi volutpat eleifend donec', 36),
(37, 'ultrices libero non mattis pulvinar nulla pede ullamcorper augue a suscipit nulla elit ac nulla', '2004-10-02', '2010-05-29', 'wydany', 'porttitor lacus at turpis donec posuere metus vitae ipsum aliquam non mauris morbi non lectus aliquam sit amet', 37),
(38, 'nulla dapibus dolor vel est donec odio justo sollicitudin ut', '2007-05-07', '2019-07-01', 'w trakcie', 'erat tortor sollicitudin mi sit amet lobortis sapien sapien non mi integer ac', 38),
(39, 'in libero ut massa volutpat convallis morbi odio odio elementum eu interdum eu tincidunt', '2009-09-05', '2012-07-25', 'oczekujący', 'lorem ipsum dolor sit amet consectetuer adipiscing elit proin risus praesent lectus vestibulum quam', 39),
(40, 'massa tempor convallis nulla neque libero convallis eget eleifend luctus ultricies eu nibh quisque', '2008-11-12', '2012-01-29', 'oczekujący', 'vestibulum vestibulum ante ipsum primis in faucibus orci luctus et ultrices posuere cubilia', 40),
(41, 'nam congue risus semper porta volutpat quam pede lobortis ligula sit amet eleifend pede libero quis orci nullam molestie nibh', '2009-10-06', '2012-09-22', 'oczekujący', 'nam nulla integer pede justo lacinia eget tincidunt eget tempus vel pede', 41),
(42, 'cras non velit nec nisi vulputate nonummy maecenas tincidunt lacus at velit vivamus vel nulla eget', '2005-09-03', '2010-05-30', 'wydany', 'cursus id turpis integer aliquet massa id lobortis convallis tortor risus dapibus augue vel accumsan tellus nisi eu orci', 42),
(43, 'a libero nam dui proin leo odio porttitor id consequat in consequat ut', '2003-07-14', '2021-03-02', 'wydany', 'curae mauris viverra diam vitae quam suspendisse potenti nullam porttitor lacus at turpis donec posuere metus', 43),
(44, 'vitae consectetuer eget rutrum at lorem integer tincidunt ante vel ipsum praesent blandit lacinia erat vestibulum sed magna', '2008-07-05', '2019-06-16', 'w trakcie', 'posuere cubilia curae mauris viverra diam vitae quam suspendisse potenti nullam porttitor lacus at turpis donec posuere', 44),
(45, 'eros vestibulum ac est lacinia nisi venenatis tristique fusce congue diam id ornare imperdiet sapien urna pretium nisl ut', '2009-03-08', '2020-09-30', 'wydany', 'nec dui luctus rutrum nulla tellus in sagittis dui vel nisl duis ac nibh fusce lacus purus aliquet at feugiat', 45),
(46, 'leo odio condimentum id luctus nec molestie sed justo pellentesque viverra', '2003-05-20', '2011-06-12', 'wydany', 'sapien placerat ante nulla justo aliquam quis turpis eget elit sodales scelerisque', 46),
(47, 'donec semper sapien a libero nam dui proin leo odio porttitor id consequat in consequat ut nulla sed', '2004-03-22', '2021-05-01', 'wydany', 'bibendum morbi non quam nec dui luctus rutrum nulla tellus in sagittis', 47),
(48, 'duis faucibus accumsan odio curabitur convallis duis consequat dui nec nisi volutpat eleifend donec', '2002-09-11', '2011-01-13', 'w trakcie', 'integer non velit donec diam neque vestibulum eget vulputate ut ultrices vel augue vestibulum ante ipsum primis in faucibus orci', 48),
(49, 'hendrerit at vulputate vitae nisl aenean lectus pellentesque eget nunc donec quis orci eget orci vehicula condimentum', '2002-07-26', '2011-12-20', 'wydany', 'posuere cubilia curae donec pharetra magna vestibulum aliquet ultrices erat', 49),
(50, 'interdum venenatis turpis enim blandit mi in porttitor pede justo eu massa', '2005-08-05', '2015-04-10', 'w trakcie', 'aliquam lacus morbi quis tortor id nulla ultrices aliquet maecenas leo odio condimentum id', 50),
(51, 'at velit vivamus vel nulla eget eros elementum pellentesque quisque', '2002-07-05', '2010-07-24', 'oczekujący', 'duis bibendum morbi non quam nec dui luctus rutrum nulla tellus in', 51),
(52, 'pretium iaculis justo in hac habitasse platea dictumst etiam faucibus cursus urna ut tellus nulla ut', '2008-06-13', '2013-06-25', 'w trakcie', 'proin at turpis a pede posuere nonummy integer non velit donec diam neque vestibulum eget vulputate ut ultrices vel augue', 52),
(53, 'vestibulum velit id pretium iaculis diam erat fermentum justo nec condimentum neque sapien placerat ante nulla justo aliquam quis turpis', '2005-08-11', '2017-04-05', 'oczekujący', 'morbi a ipsum integer a nibh in quis justo maecenas rhoncus aliquam', 53),
(54, 'integer aliquet massa id lobortis convallis tortor risus dapibus augue vel accumsan tellus nisi', '2008-06-01', '2022-07-12', 'wydany', 'duis ac nibh fusce lacus purus aliquet at feugiat non pretium quis lectus suspendisse potenti in', 54),
(55, 'id luctus nec molestie sed justo pellentesque viverra pede ac diam cras pellentesque volutpat dui maecenas tristique est et tempus', '2005-01-01', '2022-08-03', 'oczekujący', 'augue vel accumsan tellus nisi eu orci mauris lacinia sapien', 55),
(56, 'ipsum integer a nibh in quis justo maecenas rhoncus aliquam lacus morbi', '2003-12-24', '2012-09-21', 'wydany', 'auctor sed tristique in tempus sit amet sem fusce consequat', 56),
(57, 'ut blandit non interdum in ante vestibulum ante ipsum primis in faucibus orci', '2003-04-07', '2016-05-12', 'wydany', 'ut mauris eget massa tempor convallis nulla neque libero convallis eget eleifend luctus ultricies eu nibh quisque id', 57),
(58, 'potenti cras in purus eu magna vulputate luctus cum sociis natoque penatibus et magnis dis parturient', '2005-02-02', '2012-07-25', 'oczekujący', 'vel sem sed sagittis nam congue risus semper porta volutpat quam pede', 58),
(59, 'phasellus sit amet erat nulla tempus vivamus in felis eu sapien cursus vestibulum proin eu mi nulla ac enim', '2004-02-07', '2018-05-06', 'wydany', 'sapien ut nunc vestibulum ante ipsum primis in faucibus orci luctus et ultrices posuere', 59),
(60, 'est quam pharetra magna ac consequat metus sapien ut nunc vestibulum ante ipsum primis in faucibus orci luctus et', '2006-08-12', '2019-10-21', 'w trakcie', 'nunc viverra dapibus nulla suscipit ligula in lacus curabitur at ipsum ac tellus semper interdum mauris', 60),
(61, 'elementum eu interdum eu tincidunt in leo maecenas pulvinar lobortis est phasellus sit amet erat nulla tempus', '2001-06-29', '2014-10-20', 'w trakcie', 'ut massa volutpat convallis morbi odio odio elementum eu interdum', 61),
(62, 'sed sagittis nam congue risus semper porta volutpat quam pede lobortis ligula sit amet eleifend pede libero quis', '2008-09-03', '2014-08-10', 'oczekujący', 'semper sapien a libero nam dui proin leo odio porttitor id consequat in', 62),
(63, 'iaculis diam erat fermentum justo nec condimentum neque sapien placerat ante nulla justo', '2001-10-05', '2021-06-30', 'wydany', 'pellentesque eget nunc donec quis orci eget orci vehicula condimentum curabitur', 63),
(64, 'amet justo morbi ut odio cras mi pede malesuada in imperdiet et commodo vulputate', '2006-05-17', '2013-09-05', 'wydany', 'a feugiat et eros vestibulum ac est lacinia nisi venenatis tristique fusce', 64),
(65, 'eu felis fusce posuere felis sed lacus morbi sem mauris laoreet ut rhoncus aliquet', '2005-12-25', '2012-06-25', 'oczekujący', 'turpis elementum ligula vehicula consequat morbi a ipsum integer a nibh', 65),
(66, 'sagittis nam congue risus semper porta volutpat quam pede lobortis ligula sit amet eleifend pede libero', '2004-05-27', '2017-06-03', 'w trakcie', 'quis odio consequat varius integer ac leo pellentesque ultrices mattis odio donec vitae', 66),
(67, 'congue elementum in hac habitasse platea dictumst morbi vestibulum velit id pretium iaculis diam', '2004-09-13', '2012-07-10', 'w trakcie', 'convallis eget eleifend luctus ultricies eu nibh quisque id justo sit amet', 67),
(68, 'phasellus in felis donec semper sapien a libero nam dui proin leo odio porttitor id consequat in consequat ut', '2007-02-03', '2010-10-29', 'oczekujący', 'vitae nisi nam ultrices libero non mattis pulvinar nulla pede ullamcorper augue a suscipit', 68),
(69, 'lectus suspendisse potenti in eleifend quam a odio in hac habitasse platea dictumst maecenas ut massa quis augue', '2002-09-20', '2022-03-21', 'oczekujący', 'libero convallis eget eleifend luctus ultricies eu nibh quisque id justo sit amet sapien dignissim vestibulum vestibulum ante ipsum', 69),
(70, 'accumsan tortor quis turpis sed ante vivamus tortor duis mattis egestas metus aenean fermentum donec ut', '2006-02-25', '2014-03-02', 'wydany', 'vitae mattis nibh ligula nec sem duis aliquam convallis nunc proin', 70),
(71, 'varius ut blandit non interdum in ante vestibulum ante ipsum primis in faucibus orci luctus et ultrices posuere cubilia curae', '2004-09-03', '2016-05-05', 'oczekujący', 'integer a nibh in quis justo maecenas rhoncus aliquam lacus morbi quis tortor id', 71),
(72, 'imperdiet et commodo vulputate justo in blandit ultrices enim lorem ipsum dolor sit amet consectetuer adipiscing', '2000-10-20', '2010-11-19', 'oczekujący', 'consequat in consequat ut nulla sed accumsan felis ut at dolor quis odio consequat', 72),
(73, 'in felis donec semper sapien a libero nam dui proin', '2007-02-21', '2015-09-22', 'oczekujący', 'eget orci vehicula condimentum curabitur in libero ut massa volutpat convallis morbi odio odio elementum eu', 73),
(74, 'semper porta volutpat quam pede lobortis ligula sit amet eleifend pede libero quis orci nullam molestie nibh in lectus', '2005-02-01', '2010-07-23', 'oczekujący', 'ultrices posuere cubilia curae duis faucibus accumsan odio curabitur convallis duis', 74),
(75, 'morbi non quam nec dui luctus rutrum nulla tellus in sagittis dui', '2002-10-12', '2015-01-04', 'oczekujący', 'magna vulputate luctus cum sociis natoque penatibus et magnis dis parturient montes', 75),
(76, 'felis sed lacus morbi sem mauris laoreet ut rhoncus aliquet pulvinar sed nisl nunc rhoncus', '2005-09-08', '2014-09-14', 'wydany', 'risus praesent lectus vestibulum quam sapien varius ut blandit non interdum', 76),
(77, 'ultricies eu nibh quisque id justo sit amet sapien dignissim vestibulum vestibulum ante ipsum primis in faucibus orci', '2004-10-12', '2019-04-25', 'oczekujący', 'turpis a pede posuere nonummy integer non velit donec diam neque vestibulum eget vulputate ut', 77),
(78, 'eu orci mauris lacinia sapien quis libero nullam sit amet turpis elementum ligula vehicula consequat morbi a ipsum integer a', '2000-06-15', '2013-04-23', 'w trakcie', 'sollicitudin mi sit amet lobortis sapien sapien non mi integer ac neque', 78),
(79, 'eget congue eget semper rutrum nulla nunc purus phasellus in felis donec semper sapien', '2001-01-14', '2019-04-28', 'oczekujący', 'id nulla ultrices aliquet maecenas leo odio condimentum id luctus nec molestie sed justo pellentesque', 79),
(80, 'sit amet nunc viverra dapibus nulla suscipit ligula in lacus curabitur at ipsum ac tellus semper interdum', '2008-07-31', '2013-04-15', 'oczekujący', 'eu mi nulla ac enim in tempor turpis nec euismod scelerisque quam turpis adipiscing lorem vitae mattis nibh ligula nec', 80),
(81, 'sapien sapien non mi integer ac neque duis bibendum morbi non quam nec dui luctus rutrum nulla tellus in sagittis', '2006-03-18', '2021-03-15', 'w trakcie', 'vulputate luctus cum sociis natoque penatibus et magnis dis parturient montes nascetur ridiculus mus', 81),
(82, 'ante vestibulum ante ipsum primis in faucibus orci luctus et', '2002-10-11', '2011-01-08', 'oczekujący', 'ut dolor morbi vel lectus in quam fringilla rhoncus mauris enim leo rhoncus sed vestibulum sit amet', 82),
(83, 'eget orci vehicula condimentum curabitur in libero ut massa volutpat convallis morbi', '2007-06-25', '2015-02-25', 'wydany', 'nunc donec quis orci eget orci vehicula condimentum curabitur in libero ut massa volutpat convallis morbi odio odio elementum', 83),
(84, 'dapibus augue vel accumsan tellus nisi eu orci mauris lacinia sapien quis libero nullam sit amet turpis', '2002-08-08', '2018-05-23', 'w trakcie', 'luctus tincidunt nulla mollis molestie lorem quisque ut erat curabitur gravida nisi at nibh in', 84),
(85, 'eget semper rutrum nulla nunc purus phasellus in felis donec semper sapien a libero nam dui proin leo', '2000-03-19', '2020-05-06', 'w trakcie', 'id nisl venenatis lacinia aenean sit amet justo morbi ut', 85),
(86, 'ante vel ipsum praesent blandit lacinia erat vestibulum sed magna at nunc commodo placerat praesent blandit', '2006-05-01', '2020-02-24', 'oczekujący', 'ligula sit amet eleifend pede libero quis orci nullam molestie', 86),
(87, 'amet erat nulla tempus vivamus in felis eu sapien cursus vestibulum proin eu mi nulla ac', '2007-02-01', '2019-12-24', 'oczekujący', 'quis augue luctus tincidunt nulla mollis molestie lorem quisque ut erat curabitur gravida nisi', 87),
(88, 'donec odio justo sollicitudin ut suscipit a feugiat et eros vestibulum ac est lacinia nisi venenatis', '2002-09-12', '2020-03-11', 'w trakcie', 'dui maecenas tristique est et tempus semper est quam pharetra magna ac consequat metus sapien ut nunc vestibulum ante', 88),
(89, 'nibh quisque id justo sit amet sapien dignissim vestibulum vestibulum ante ipsum primis in faucibus orci', '2008-04-08', '2021-08-10', 'oczekujący', 'ipsum primis in faucibus orci luctus et ultrices posuere cubilia curae nulla dapibus dolor vel est donec', 89),
(90, 'vitae nisl aenean lectus pellentesque eget nunc donec quis orci eget orci vehicula', '2001-05-23', '2017-07-15', 'oczekujący', 'sit amet nulla quisque arcu libero rutrum ac lobortis vel dapibus at diam nam tristique', 90),
(91, 'amet justo morbi ut odio cras mi pede malesuada in imperdiet et commodo vulputate justo in', '2008-09-30', '2010-05-14', 'w trakcie', 'quam a odio in hac habitasse platea dictumst maecenas ut massa', 91),
(92, 'platea dictumst aliquam augue quam sollicitudin vitae consectetuer eget rutrum at lorem integer tincidunt ante vel', '2006-08-14', '2013-06-04', 'wydany', 'nulla quisque arcu libero rutrum ac lobortis vel dapibus at diam nam', 92),
(93, 'rhoncus aliquet pulvinar sed nisl nunc rhoncus dui vel sem sed sagittis nam', '2008-10-16', '2021-07-03', 'w trakcie', 'convallis morbi odio odio elementum eu interdum eu tincidunt in leo maecenas pulvinar lobortis est phasellus', 93),
(94, 'consequat morbi a ipsum integer a nibh in quis justo', '2002-12-07', '2021-05-26', 'wydany', 'ligula pellentesque ultrices phasellus id sapien in sapien iaculis congue vivamus metus arcu adipiscing molestie hendrerit', 94),
(95, 'quam pharetra magna ac consequat metus sapien ut nunc vestibulum ante ipsum primis in faucibus orci luctus', '2006-11-20', '2014-11-01', 'wydany', 'et commodo vulputate justo in blandit ultrices enim lorem ipsum dolor sit amet consectetuer adipiscing elit', 95),
(96, 'sit amet sem fusce consequat nulla nisl nunc nisl duis bibendum felis sed interdum venenatis turpis', '2009-02-28', '2010-04-29', 'wydany', 'arcu adipiscing molestie hendrerit at vulputate vitae nisl aenean lectus pellentesque eget nunc donec quis orci', 96),
(97, 'nam ultrices libero non mattis pulvinar nulla pede ullamcorper augue a suscipit nulla elit ac nulla sed vel', '2007-06-05', '2011-11-05', 'wydany', 'sit amet consectetuer adipiscing elit proin interdum mauris non ligula pellentesque ultrices', 97),
(98, 'nam congue risus semper porta volutpat quam pede lobortis ligula sit amet eleifend pede libero quis orci nullam molestie nibh', '2002-12-23', '2014-08-05', 'wydany', 'dui luctus rutrum nulla tellus in sagittis dui vel nisl duis', 98),
(99, 'lectus vestibulum quam sapien varius ut blandit non interdum in ante vestibulum ante ipsum primis in faucibus orci', '2003-05-12', '2022-08-08', 'w trakcie', 'vel pede morbi porttitor lorem id ligula suspendisse ornare consequat lectus in est', 99),
(100, 'parturient montes nascetur ridiculus mus etiam vel augue vestibulum rutrum rutrum neque aenean auctor gravida sem praesent id massa id', '2005-07-19', '2014-10-31', 'wydany', 'lorem id ligula suspendisse ornare consequat lectus in est risus', 100);

INSERT INTO `types_of_cargo` (`Cargo_ID`, `Typ`, `Opis`) VALUES
(1, 'Towary sypkie', 'Lorem ipsum dolor sit amet, consectetur adipiscing elit, sed do eiusmod tempor incididunt ut labore et dolore magna aliqua. Ut enim ad minim veniam, quis nostrud exercitation ullamco laboris nisi ut aliquip ex ea commodo consequat. Duis aute irure dolor in reprehenderit in voluptate velit esse cillum dolore eu fugiat nulla pariatur. Excepteur sint occaecat cupidatat non proident, sunt in culpa qui officia deserunt mollit anim id est laborum'),
(2, 'Towary płynne', 'Lorem ipsum dolor sit amet, consectetur adipiscing elit, sed do eiusmod tempor incididunt ut labore et dolore magna aliqua. Ut enim ad minim veniam, quis nostrud exercitation ullamco laboris nisi ut aliquip ex ea commodo consequat. Duis aute irure dolor in reprehenderit in voluptate velit esse cillum dolore eu fugiat nulla pariatur. Excepteur sint occaecat cupidatat non proident, sunt in culpa qui officia deserunt mollit anim id est laborum'),
(3, 'Towary w opakowaniach', 'Lorem ipsum dolor sit amet, consectetur adipiscing elit, sed do eiusmod tempor incididunt ut labore et dolore magna aliqua. Ut enim ad minim veniam, quis nostrud exercitation ullamco laboris nisi ut aliquip ex ea commodo consequat. Duis aute irure dolor in reprehenderit in voluptate velit esse cillum dolore eu fugiat nulla pariatur. Excepteur sint occaecat cupidatat non proident, sunt in culpa qui officia deserunt mollit anim id est laborum'),
(4, 'Maszyny i urządzenia', 'Lorem ipsum dolor sit amet, consectetur adipiscing elit, sed do eiusmod tempor incididunt ut labore et dolore magna aliqua. Ut enim ad minim veniam, quis nostrud exercitation ullamco laboris nisi ut aliquip ex ea commodo consequat. Duis aute irure dolor in reprehenderit in voluptate velit esse cillum dolore eu fugiat nulla pariatur. Excepteur sint occaecat cupidatat non proident, sunt in culpa qui officia deserunt mollit anim id est laborum'),
(5, 'Meble i inne duże przedmioty', 'Lorem ipsum dolor sit amet, consectetur adipiscing elit, sed do eiusmod tempor incididunt ut labore et dolore magna aliqua. Ut enim ad minim veniam, quis nostrud exercitation ullamco laboris nisi ut aliquip ex ea commodo consequat. Duis aute irure dolor in reprehenderit in voluptate velit esse cillum dolore eu fugiat nulla pariatur. Excepteur sint occaecat cupidatat non proident, sunt in culpa qui officia deserunt mollit anim id est laborum'),
(6, 'Towary niebezpieczne', 'Lorem ipsum dolor sit amet, consectetur adipiscing elit, sed do eiusmod tempor incididunt ut labore et dolore magna aliqua. Ut enim ad minim veniam, quis nostrud exercitation ullamco laboris nisi ut aliquip ex ea commodo consequat. Duis aute irure dolor in reprehenderit in voluptate velit esse cillum dolore eu fugiat nulla pariatur. Excepteur sint occaecat cupidatat non proident, sunt in culpa qui officia deserunt mollit anim id est laborum'),
(7, 'Artykuły spożywcze', 'Lorem ipsum dolor sit amet, consectetur adipiscing elit, sed do eiusmod tempor incididunt ut labore et dolore magna aliqua. Ut enim ad minim veniam, quis nostrud exercitation ullamco laboris nisi ut aliquip ex ea commodo consequat. Duis aute irure dolor in reprehenderit in voluptate velit esse cillum dolore eu fugiat nulla pariatur. Excepteur sint occaecat cupidatat non proident, sunt in culpa qui officia deserunt mollit anim id est laborum'),
(8, 'Materiały budowlane', 'Lorem ipsum dolor sit amet, consectetur adipiscing elit, sed do eiusmod tempor incididunt ut labore et dolore magna aliqua. Ut enim ad minim veniam, quis nostrud exercitation ullamco laboris nisi ut aliquip ex ea commodo consequat. Duis aute irure dolor in reprehenderit in voluptate velit esse cillum dolore eu fugiat nulla pariatur. Excepteur sint occaecat cupidatat non proident, sunt in culpa qui officia deserunt mollit anim id est laborum'),
(9, 'Sprzęt elektroniczny', 'Lorem ipsum dolor sit amet, consectetur adipiscing elit, sed do eiusmod tempor incididunt ut labore et dolore magna aliqua. Ut enim ad minim veniam, quis nostrud exercitation ullamco laboris nisi ut aliquip ex ea commodo consequat. Duis aute irure dolor in reprehenderit in voluptate velit esse cillum dolore eu fugiat nulla pariatur. Excepteur sint occaecat cupidatat non proident, sunt in culpa qui officia deserunt mollit anim id est laborum'),
(10, 'Materiały papiernicze', 'Lorem ipsum dolor sit amet, consectetur adipiscing elit, sed do eiusmod tempor incididunt ut labore et dolore magna aliqua. Ut enim ad minim veniam, quis nostrud exercitation ullamco laboris nisi ut aliquip ex ea commodo consequat. Duis aute irure dolor in reprehenderit in voluptate velit esse cillum dolore eu fugiat nulla pariatur. Excepteur sint occaecat cupidatat non proident, sunt in culpa qui officia deserunt mollit anim id est laborum'),
(11, 'Produkty farmaceutyczne', 'Lorem ipsum dolor sit amet, consectetur adipiscing elit, sed do eiusmod tempor incididunt ut labore et dolore magna aliqua. Ut enim ad minim veniam, quis nostrud exercitation ullamco laboris nisi ut aliquip ex ea commodo consequat. Duis aute irure dolor in reprehenderit in voluptate velit esse cillum dolore eu fugiat nulla pariatur. Excepteur sint occaecat cupidatat non proident, sunt in culpa qui officia deserunt mollit anim id est laborum'),
(12, 'Towary sezonowe', 'Lorem ipsum dolor sit amet, consectetur adipiscing elit, sed do eiusmod tempor incididunt ut labore et dolore magna aliqua. Ut enim ad minim veniam, quis nostrud exercitation ullamco laboris nisi ut aliquip ex ea commodo consequat. Duis aute irure dolor in reprehenderit in voluptate velit esse cillum dolore eu fugiat nulla pariatur. Excepteur sint occaecat cupidatat non proident, sunt in culpa qui officia deserunt mollit anim id est laborum'),
(13, 'Odzież', 'Lorem ipsum dolor sit amet, consectetur adipiscing elit, sed do eiusmod tempor incididunt ut labore et dolore magna aliqua. Ut enim ad minim veniam, quis nostrud exercitation ullamco laboris nisi ut aliquip ex ea commodo consequat. Duis aute irure dolor in reprehenderit in voluptate velit esse cillum dolore eu fugiat nulla pariatur. Excepteur sint occaecat cupidatat non proident, sunt in culpa qui officia deserunt mollit anim id est laborum'),
(14, 'Sprzęt sportowy', 'Lorem ipsum dolor sit amet, consectetur adipiscing elit, sed do eiusmod tempor incididunt ut labore et dolore magna aliqua. Ut enim ad minim veniam, quis nostrud exercitation ullamco laboris nisi ut aliquip ex ea commodo consequat. Duis aute irure dolor in reprehenderit in voluptate velit esse cillum dolore eu fugiat nulla pariatur. Excepteur sint occaecat cupidatat non proident, sunt in culpa qui officia deserunt mollit anim id est laborum'),
(15, 'Maszyny rolnicze', 'Lorem ipsum dolor sit amet, consectetur adipiscing elit, sed do eiusmod tempor incididunt ut labore et dolore magna aliqua. Ut enim ad minim veniam, quis nostrud exercitation ullamco laboris nisi ut aliquip ex ea commodo consequat. Duis aute irure dolor in reprehenderit in voluptate velit esse cillum dolore eu fugiat nulla pariatur. Excepteur sint occaecat cupidatat non proident, sunt in culpa qui officia deserunt mollit anim id est laborum'),
(16, 'Towary chemiczne', 'Lorem ipsum dolor sit amet, consectetur adipiscing elit, sed do eiusmod tempor incididunt ut labore et dolore magna aliqua. Ut enim ad minim veniam, quis nostrud exercitation ullamco laboris nisi ut aliquip ex ea commodo consequat. Duis aute irure dolor in reprehenderit in voluptate velit esse cillum dolore eu fugiat nulla pariatur. Excepteur sint occaecat cupidatat non proident, sunt in culpa qui officia deserunt mollit anim id est laborum');

INSERT INTO `types_of_package` (`Package_ID`, `Nazwa`, `Uwagi`, `Waga`) VALUES
(1, 'Aluminum', 'morbi non quam nec dui luctus rutrum nulla tellus in sagittis dui vel nisl duis ac nibh fusce lacus purus aliquet at feugiat non pretium quis lectus suspendisse potenti in eleifend quam a odio in hac habitasse platea dictumst maecenas ut massa quis augue ', 11279),
(2, 'Rubber', 'dui maecenas tristique est et tempus semper est quam pharetra magna ac consequat metus sapien ut nunc vestibulum ante ipsum primis in faucibus orci luctus et ultrices posuere cubilia curae mauris viverra diam vitae quam suspendisse potenti nullam porttito', 17505),
(3, 'Stone', 'quis justo maecenas rhoncus aliquam lacus morbi quis tortor id nulla ultrices aliquet maecenas leo odio condimentum id luctus nec molestie sed justo pellentesque viverra pede ac diam cras pellentesque volutpat dui maecenas tristique est et tempus semper e', 16926),
(4, 'Steel', 'volutpat convallis morbi odio odio elementum eu interdum eu tincidunt in leo maecenas pulvinar lobortis est phasellus sit amet erat nulla tempus vivamus in felis eu sapien cursus vestibulum proin eu mi nulla ac enim in tempor turpis nec euismod scelerisqu', 13410),
(5, 'Steel', 'fusce congue diam id ornare imperdiet sapien urna pretium nisl ut volutpat sapien arcu sed augue aliquam erat volutpat in congue etiam justo etiam pretium iaculis justo in hac habitasse platea dictumst etiam faucibus cursus urna ut tellus nulla ut erat id', 6877),
(6, 'Granite', 'odio in hac habitasse platea dictumst maecenas ut massa quis augue luctus tincidunt nulla mollis molestie lorem quisque ut erat curabitur gravida nisi at nibh in hac habitasse platea dictumst aliquam augue quam sollicitudin vitae consectetuer eget rutrum ', 3901),
(7, 'Rubber', 'luctus rutrum nulla tellus in sagittis dui vel nisl duis ac nibh fusce lacus purus aliquet at feugiat non pretium quis lectus suspendisse potenti in eleifend quam a odio in hac habitasse platea dictumst maecenas ut massa quis augue luctus tincidunt nulla ', 17708),
(8, 'Plexiglass', 'in quis justo maecenas rhoncus aliquam lacus morbi quis tortor id nulla ultrices aliquet maecenas leo odio condimentum id luctus nec molestie sed justo pellentesque viverra pede ac diam cras pellentesque volutpat dui maecenas tristique est et tempus sempe', 10826),
(9, 'Wood', 'dapibus dolor vel est donec odio justo sollicitudin ut suscipit a feugiat et eros vestibulum ac est lacinia nisi venenatis tristique fusce congue diam id ornare imperdiet sapien urna pretium nisl ut volutpat sapien arcu sed augue aliquam erat volutpat in ', 15496),
(10, 'Plastic', 'et eros vestibulum ac est lacinia nisi venenatis tristique fusce congue diam id ornare imperdiet sapien urna pretium nisl ut volutpat sapien arcu sed augue aliquam erat volutpat in congue etiam justo etiam pretium iaculis justo in hac habitasse platea dic', 6194),
(11, 'Steel', 'eu est congue elementum in hac habitasse platea dictumst morbi vestibulum velit id pretium iaculis diam erat fermentum justo nec condimentum neque sapien placerat ante nulla justo aliquam quis turpis eget elit sodales scelerisque mauris sit amet eros susp', 10550),
(12, 'Glass', 'nunc donec quis orci eget orci vehicula condimentum curabitur in libero ut massa volutpat convallis morbi odio odio elementum eu interdum eu tincidunt in leo maecenas pulvinar lobortis est phasellus sit amet erat nulla tempus vivamus in felis eu sapien cu', 3578),
(13, 'Vinyl', 'rhoncus dui vel sem sed sagittis nam congue risus semper porta volutpat quam pede lobortis ligula sit amet eleifend pede libero quis orci nullam molestie nibh in lectus pellentesque at nulla suspendisse potenti cras in purus eu magna vulputate luctus cum ', 11958),
(14, 'Glass', 'ac consequat metus sapien ut nunc vestibulum ante ipsum primis in faucibus orci luctus et ultrices posuere cubilia curae mauris viverra diam vitae quam suspendisse potenti nullam porttitor lacus at turpis donec posuere metus vitae ipsum aliquam non mauris', 1233),
(15, 'Steel', 'fermentum justo nec condimentum neque sapien placerat ante nulla justo aliquam quis turpis eget elit sodales scelerisque mauris sit amet eros suspendisse accumsan tortor quis turpis sed ante vivamus tortor duis mattis egestas metus aenean fermentum donec ', 2311),
(16, 'Granite', 'porttitor id consequat in consequat ut nulla sed accumsan felis ut at dolor quis odio consequat varius integer ac leo pellentesque ultrices mattis odio donec vitae nisi nam ultrices libero non mattis pulvinar nulla pede ullamcorper augue a suscipit nulla ', 16924),
(17, 'Vinyl', 'proin at turpis a pede posuere nonummy integer non velit donec diam neque vestibulum eget vulputate ut ultrices vel augue vestibulum ante ipsum primis in faucibus orci luctus et ultrices posuere cubilia curae donec pharetra magna vestibulum aliquet ultric', 3551),
(18, 'Stone', 'vulputate luctus cum sociis natoque penatibus et magnis dis parturient montes nascetur ridiculus mus vivamus vestibulum sagittis sapien cum sociis natoque penatibus et magnis dis parturient montes nascetur ridiculus mus etiam vel augue vestibulum rutrum r', 629),
(19, 'Plexiglass', 'condimentum curabitur in libero ut massa volutpat convallis morbi odio odio elementum eu interdum eu tincidunt in leo maecenas pulvinar lobortis est phasellus sit amet erat nulla tempus vivamus in felis eu sapien cursus vestibulum proin eu mi nulla ac eni', 10758),
(20, 'Granite', 'dapibus dolor vel est donec odio justo sollicitudin ut suscipit a feugiat et eros vestibulum ac est lacinia nisi venenatis tristique fusce congue diam id ornare imperdiet sapien urna pretium nisl ut volutpat sapien arcu sed augue aliquam erat volutpat in ', 7364),
(21, 'Aluminum', 'varius nulla facilisi cras non velit nec nisi vulputate nonummy maecenas tincidunt lacus at velit vivamus vel nulla eget eros elementum pellentesque quisque porta volutpat erat quisque erat eros viverra eget congue eget semper rutrum nulla nunc purus phas', 10898),
(22, 'Plexiglass', 'erat id mauris vulputate elementum nullam varius nulla facilisi cras non velit nec nisi vulputate nonummy maecenas tincidunt lacus at velit vivamus vel nulla eget eros elementum pellentesque quisque porta volutpat erat quisque erat eros viverra eget congu', 3910),
(23, 'Plastic', 'vivamus in felis eu sapien cursus vestibulum proin eu mi nulla ac enim in tempor turpis nec euismod scelerisque quam turpis adipiscing lorem vitae mattis nibh ligula nec sem duis aliquam convallis nunc proin at turpis a pede posuere nonummy integer non ve', 13984),
(24, 'Glass', 'morbi vestibulum velit id pretium iaculis diam erat fermentum justo nec condimentum neque sapien placerat ante nulla justo aliquam quis turpis eget elit sodales scelerisque mauris sit amet eros suspendisse accumsan tortor quis turpis sed ante vivamus tort', 14058),
(25, 'Stone', 'gravida sem praesent id massa id nisl venenatis lacinia aenean sit amet justo morbi ut odio cras mi pede malesuada in imperdiet et commodo vulputate justo in blandit ultrices enim lorem ipsum dolor sit amet consectetuer adipiscing elit proin interdum maur', 14358),
(26, 'Vinyl', 'lectus pellentesque eget nunc donec quis orci eget orci vehicula condimentum curabitur in libero ut massa volutpat convallis morbi odio odio elementum eu interdum eu tincidunt in leo maecenas pulvinar lobortis est phasellus sit amet erat nulla tempus viva', 4483),
(27, 'Plexiglass', 'tincidunt eget tempus vel pede morbi porttitor lorem id ligula suspendisse ornare consequat lectus in est risus auctor sed tristique in tempus sit amet sem fusce consequat nulla nisl nunc nisl duis bibendum felis sed interdum venenatis turpis enim blandit', 11892),
(28, 'Wood', 'lorem integer tincidunt ante vel ipsum praesent blandit lacinia erat vestibulum sed magna at nunc commodo placerat praesent blandit nam nulla integer pede justo lacinia eget tincidunt eget tempus vel pede morbi porttitor lorem id ligula suspendisse ornare', 9793),
(29, 'Plastic', 'tortor quis turpis sed ante vivamus tortor duis mattis egestas metus aenean fermentum donec ut mauris eget massa tempor convallis nulla neque libero convallis eget eleifend luctus ultricies eu nibh quisque id justo sit amet sapien dignissim vestibulum ves', 5883),
(30, 'Aluminum', 'gravida nisi at nibh in hac habitasse platea dictumst aliquam augue quam sollicitudin vitae consectetuer eget rutrum at lorem integer tincidunt ante vel ipsum praesent blandit lacinia erat vestibulum sed magna at nunc commodo placerat praesent blandit nam', 1786),
(31, 'Brass', 'vulputate luctus cum sociis natoque penatibus et magnis dis parturient montes nascetur ridiculus mus vivamus vestibulum sagittis sapien cum sociis natoque penatibus et magnis dis parturient montes nascetur ridiculus mus etiam vel augue vestibulum rutrum r', 10231),
(32, 'Plastic', 'purus phasellus in felis donec semper sapien a libero nam dui proin leo odio porttitor id consequat in consequat ut nulla sed accumsan felis ut at dolor quis odio consequat varius integer ac leo pellentesque ultrices mattis odio donec vitae nisi nam ultri', 10574),
(33, 'Steel', 'neque vestibulum eget vulputate ut ultrices vel augue vestibulum ante ipsum primis in faucibus orci luctus et ultrices posuere cubilia curae donec pharetra magna vestibulum aliquet ultrices erat tortor sollicitudin mi sit amet lobortis sapien sapien non m', 16829),
(34, 'Wood', 'leo odio porttitor id consequat in consequat ut nulla sed accumsan felis ut at dolor quis odio consequat varius integer ac leo pellentesque ultrices mattis odio donec vitae nisi nam ultrices libero non mattis pulvinar nulla pede ullamcorper augue a suscip', 8855),
(35, 'Stone', 'cubilia curae mauris viverra diam vitae quam suspendisse potenti nullam porttitor lacus at turpis donec posuere metus vitae ipsum aliquam non mauris morbi non lectus aliquam sit amet diam in magna bibendum imperdiet nullam orci pede venenatis non sodales ', 10892),
(36, 'Glass', 'eu interdum eu tincidunt in leo maecenas pulvinar lobortis est phasellus sit amet erat nulla tempus vivamus in felis eu sapien cursus vestibulum proin eu mi nulla ac enim in tempor turpis nec euismod scelerisque quam turpis adipiscing lorem vitae mattis n', 17412),
(37, 'Glass', 'metus vitae ipsum aliquam non mauris morbi non lectus aliquam sit amet diam in magna bibendum imperdiet nullam orci pede venenatis non sodales sed tincidunt eu felis fusce posuere felis sed lacus morbi sem mauris laoreet ut rhoncus aliquet pulvinar sed ni', 5114),
(38, 'Stone', 'amet turpis elementum ligula vehicula consequat morbi a ipsum integer a nibh in quis justo maecenas rhoncus aliquam lacus morbi quis tortor id nulla ultrices aliquet maecenas leo odio condimentum id luctus nec molestie sed justo pellentesque viverra pede ', 15734),
(39, 'Steel', 'ipsum primis in faucibus orci luctus et ultrices posuere cubilia curae duis faucibus accumsan odio curabitur convallis duis consequat dui nec nisi volutpat eleifend donec ut dolor morbi vel lectus in quam fringilla rhoncus mauris enim leo rhoncus sed vest', 6088),
(40, 'Steel', 'proin eu mi nulla ac enim in tempor turpis nec euismod scelerisque quam turpis adipiscing lorem vitae mattis nibh ligula nec sem duis aliquam convallis nunc proin at turpis a pede posuere nonummy integer non velit donec diam neque vestibulum eget vulputat', 8537),
(41, 'Stone', 'ut nunc vestibulum ante ipsum primis in faucibus orci luctus et ultrices posuere cubilia curae mauris viverra diam vitae quam suspendisse potenti nullam porttitor lacus at turpis donec posuere metus vitae ipsum aliquam non mauris morbi non lectus aliquam ', 12679),
(42, 'Stone', 'id sapien in sapien iaculis congue vivamus metus arcu adipiscing molestie hendrerit at vulputate vitae nisl aenean lectus pellentesque eget nunc donec quis orci eget orci vehicula condimentum curabitur in libero ut massa volutpat convallis morbi odio odio', 15585),
(43, 'Aluminum', 'ipsum aliquam non mauris morbi non lectus aliquam sit amet diam in magna bibendum imperdiet nullam orci pede venenatis non sodales sed tincidunt eu felis fusce posuere felis sed lacus morbi sem mauris laoreet ut rhoncus aliquet pulvinar sed nisl nunc rhon', 12547),
(44, 'Aluminum', 'tempor turpis nec euismod scelerisque quam turpis adipiscing lorem vitae mattis nibh ligula nec sem duis aliquam convallis nunc proin at turpis a pede posuere nonummy integer non velit donec diam neque vestibulum eget vulputate ut ultrices vel augue vesti', 14106),
(45, 'Brass', 'primis in faucibus orci luctus et ultrices posuere cubilia curae mauris viverra diam vitae quam suspendisse potenti nullam porttitor lacus at turpis donec posuere metus vitae ipsum aliquam non mauris morbi non lectus aliquam sit amet diam in magna bibendu', 15729),
(46, 'Aluminum', 'molestie hendrerit at vulputate vitae nisl aenean lectus pellentesque eget nunc donec quis orci eget orci vehicula condimentum curabitur in libero ut massa volutpat convallis morbi odio odio elementum eu interdum eu tincidunt in leo maecenas pulvinar lobo', 4601),
(47, 'Plexiglass', 'nec molestie sed justo pellentesque viverra pede ac diam cras pellentesque volutpat dui maecenas tristique est et tempus semper est quam pharetra magna ac consequat metus sapien ut nunc vestibulum ante ipsum primis in faucibus orci luctus et ultrices posu', 7694),
(48, 'Plexiglass', 'tempus vel pede morbi porttitor lorem id ligula suspendisse ornare consequat lectus in est risus auctor sed tristique in tempus sit amet sem fusce consequat nulla nisl nunc nisl duis bibendum felis sed interdum venenatis turpis enim blandit mi in porttito', 12223),
(49, 'Plastic', 'ultricies eu nibh quisque id justo sit amet sapien dignissim vestibulum vestibulum ante ipsum primis in faucibus orci luctus et ultrices posuere cubilia curae nulla dapibus dolor vel est donec odio justo sollicitudin ut suscipit a feugiat et eros vestibul', 3575),
(50, 'Steel', 'odio cras mi pede malesuada in imperdiet et commodo vulputate justo in blandit ultrices enim lorem ipsum dolor sit amet consectetuer adipiscing elit proin interdum mauris non ligula pellentesque ultrices phasellus id sapien in sapien iaculis congue vivamu', 11221),
(51, 'Wood', 'lacus morbi sem mauris laoreet ut rhoncus aliquet pulvinar sed nisl nunc rhoncus dui vel sem sed sagittis nam congue risus semper porta volutpat quam pede lobortis ligula sit amet eleifend pede libero quis orci nullam molestie nibh in lectus pellentesque ', 2568),
(52, 'Vinyl', 'pede libero quis orci nullam molestie nibh in lectus pellentesque at nulla suspendisse potenti cras in purus eu magna vulputate luctus cum sociis natoque penatibus et magnis dis parturient montes nascetur ridiculus mus vivamus vestibulum sagittis sapien c', 6930),
(53, 'Glass', 'penatibus et magnis dis parturient montes nascetur ridiculus mus etiam vel augue vestibulum rutrum rutrum neque aenean auctor gravida sem praesent id massa id nisl venenatis lacinia aenean sit amet justo morbi ut odio cras mi pede malesuada in imperdiet e', 17167),
(54, 'Rubber', 'aliquet ultrices erat tortor sollicitudin mi sit amet lobortis sapien sapien non mi integer ac neque duis bibendum morbi non quam nec dui luctus rutrum nulla tellus in sagittis dui vel nisl duis ac nibh fusce lacus purus aliquet at feugiat non pretium qui', 17712),
(55, 'Vinyl', 'lacinia sapien quis libero nullam sit amet turpis elementum ligula vehicula consequat morbi a ipsum integer a nibh in quis justo maecenas rhoncus aliquam lacus morbi quis tortor id nulla ultrices aliquet maecenas leo odio condimentum id luctus nec molesti', 3215),
(56, 'Aluminum', 'proin at turpis a pede posuere nonummy integer non velit donec diam neque vestibulum eget vulputate ut ultrices vel augue vestibulum ante ipsum primis in faucibus orci luctus et ultrices posuere cubilia curae donec pharetra magna vestibulum aliquet ultric', 1693),
(57, 'Rubber', 'vivamus metus arcu adipiscing molestie hendrerit at vulputate vitae nisl aenean lectus pellentesque eget nunc donec quis orci eget orci vehicula condimentum curabitur in libero ut massa volutpat convallis morbi odio odio elementum eu interdum eu tincidunt', 7809),
(58, 'Wood', 'lacus at turpis donec posuere metus vitae ipsum aliquam non mauris morbi non lectus aliquam sit amet diam in magna bibendum imperdiet nullam orci pede venenatis non sodales sed tincidunt eu felis fusce posuere felis sed lacus morbi sem mauris laoreet ut r', 7813),
(59, 'Granite', 'posuere cubilia curae duis faucibus accumsan odio curabitur convallis duis consequat dui nec nisi volutpat eleifend donec ut dolor morbi vel lectus in quam fringilla rhoncus mauris enim leo rhoncus sed vestibulum sit amet cursus id turpis integer aliquet ', 9935),
(60, 'Wood', 'pretium iaculis justo in hac habitasse platea dictumst etiam faucibus cursus urna ut tellus nulla ut erat id mauris vulputate elementum nullam varius nulla facilisi cras non velit nec nisi vulputate nonummy maecenas tincidunt lacus at velit vivamus vel nu', 14189),
(61, 'Granite', 'ac neque duis bibendum morbi non quam nec dui luctus rutrum nulla tellus in sagittis dui vel nisl duis ac nibh fusce lacus purus aliquet at feugiat non pretium quis lectus suspendisse potenti in eleifend quam a odio in hac habitasse platea dictumst maecen', 12898),
(62, 'Plastic', 'in leo maecenas pulvinar lobortis est phasellus sit amet erat nulla tempus vivamus in felis eu sapien cursus vestibulum proin eu mi nulla ac enim in tempor turpis nec euismod scelerisque quam turpis adipiscing lorem vitae mattis nibh ligula nec sem duis a', 1706),
(63, 'Brass', 'tristique fusce congue diam id ornare imperdiet sapien urna pretium nisl ut volutpat sapien arcu sed augue aliquam erat volutpat in congue etiam justo etiam pretium iaculis justo in hac habitasse platea dictumst etiam faucibus cursus urna ut tellus nulla ', 13208),
(64, 'Vinyl', 'massa id lobortis convallis tortor risus dapibus augue vel accumsan tellus nisi eu orci mauris lacinia sapien quis libero nullam sit amet turpis elementum ligula vehicula consequat morbi a ipsum integer a nibh in quis justo maecenas rhoncus aliquam lacus ', 12035),
(65, 'Aluminum', 'tortor risus dapibus augue vel accumsan tellus nisi eu orci mauris lacinia sapien quis libero nullam sit amet turpis elementum ligula vehicula consequat morbi a ipsum integer a nibh in quis justo maecenas rhoncus aliquam lacus morbi quis tortor id nulla u', 13452),
(66, 'Granite', 'blandit non interdum in ante vestibulum ante ipsum primis in faucibus orci luctus et ultrices posuere cubilia curae duis faucibus accumsan odio curabitur convallis duis consequat dui nec nisi volutpat eleifend donec ut dolor morbi vel lectus in quam fring', 8805),
(67, 'Vinyl', 'morbi sem mauris laoreet ut rhoncus aliquet pulvinar sed nisl nunc rhoncus dui vel sem sed sagittis nam congue risus semper porta volutpat quam pede lobortis ligula sit amet eleifend pede libero quis orci nullam molestie nibh in lectus pellentesque at nul', 1408),
(68, 'Glass', 'luctus et ultrices posuere cubilia curae duis faucibus accumsan odio curabitur convallis duis consequat dui nec nisi volutpat eleifend donec ut dolor morbi vel lectus in quam fringilla rhoncus mauris enim leo rhoncus sed vestibulum sit amet cursus id turp', 10857),
(69, 'Plexiglass', 'purus eu magna vulputate luctus cum sociis natoque penatibus et magnis dis parturient montes nascetur ridiculus mus vivamus vestibulum sagittis sapien cum sociis natoque penatibus et magnis dis parturient montes nascetur ridiculus mus etiam vel augue vest', 152),
(70, 'Aluminum', 'felis fusce posuere felis sed lacus morbi sem mauris laoreet ut rhoncus aliquet pulvinar sed nisl nunc rhoncus dui vel sem sed sagittis nam congue risus semper porta volutpat quam pede lobortis ligula sit amet eleifend pede libero quis orci nullam molesti', 17972),
(71, 'Steel', 'lobortis ligula sit amet eleifend pede libero quis orci nullam molestie nibh in lectus pellentesque at nulla suspendisse potenti cras in purus eu magna vulputate luctus cum sociis natoque penatibus et magnis dis parturient montes nascetur ridiculus mus vi', 1992),
(72, 'Glass', 'nulla sed accumsan felis ut at dolor quis odio consequat varius integer ac leo pellentesque ultrices mattis odio donec vitae nisi nam ultrices libero non mattis pulvinar nulla pede ullamcorper augue a suscipit nulla elit ac nulla sed vel enim sit amet nun', 11285),
(73, 'Plastic', 'sapien sapien non mi integer ac neque duis bibendum morbi non quam nec dui luctus rutrum nulla tellus in sagittis dui vel nisl duis ac nibh fusce lacus purus aliquet at feugiat non pretium quis lectus suspendisse potenti in eleifend quam a odio in hac hab', 11269),
(74, 'Granite', 'convallis nulla neque libero convallis eget eleifend luctus ultricies eu nibh quisque id justo sit amet sapien dignissim vestibulum vestibulum ante ipsum primis in faucibus orci luctus et ultrices posuere cubilia curae nulla dapibus dolor vel est donec od', 5251),
(75, 'Plexiglass', 'in hac habitasse platea dictumst maecenas ut massa quis augue luctus tincidunt nulla mollis molestie lorem quisque ut erat curabitur gravida nisi at nibh in hac habitasse platea dictumst aliquam augue quam sollicitudin vitae consectetuer eget rutrum at lo', 17054),
(76, 'Glass', 'nullam porttitor lacus at turpis donec posuere metus vitae ipsum aliquam non mauris morbi non lectus aliquam sit amet diam in magna bibendum imperdiet nullam orci pede venenatis non sodales sed tincidunt eu felis fusce posuere felis sed lacus morbi sem ma', 6944),
(77, 'Steel', 'nec condimentum neque sapien placerat ante nulla justo aliquam quis turpis eget elit sodales scelerisque mauris sit amet eros suspendisse accumsan tortor quis turpis sed ante vivamus tortor duis mattis egestas metus aenean fermentum donec ut mauris eget m', 3578),
(78, 'Plexiglass', 'ac consequat metus sapien ut nunc vestibulum ante ipsum primis in faucibus orci luctus et ultrices posuere cubilia curae mauris viverra diam vitae quam suspendisse potenti nullam porttitor lacus at turpis donec posuere metus vitae ipsum aliquam non mauris', 3284),
(79, 'Rubber', 'vitae mattis nibh ligula nec sem duis aliquam convallis nunc proin at turpis a pede posuere nonummy integer non velit donec diam neque vestibulum eget vulputate ut ultrices vel augue vestibulum ante ipsum primis in faucibus orci luctus et ultrices posuere', 12180),
(80, 'Granite', 'nulla eget eros elementum pellentesque quisque porta volutpat erat quisque erat eros viverra eget congue eget semper rutrum nulla nunc purus phasellus in felis donec semper sapien a libero nam dui proin leo odio porttitor id consequat in consequat ut null', 13565),
(81, 'Glass', 'pellentesque ultrices mattis odio donec vitae nisi nam ultrices libero non mattis pulvinar nulla pede ullamcorper augue a suscipit nulla elit ac nulla sed vel enim sit amet nunc viverra dapibus nulla suscipit ligula in lacus curabitur at ipsum ac tellus s', 14872),
(82, 'Brass', 'dui luctus rutrum nulla tellus in sagittis dui vel nisl duis ac nibh fusce lacus purus aliquet at feugiat non pretium quis lectus suspendisse potenti in eleifend quam a odio in hac habitasse platea dictumst maecenas ut massa quis augue luctus tincidunt nu', 3021),
(83, 'Wood', 'non lectus aliquam sit amet diam in magna bibendum imperdiet nullam orci pede venenatis non sodales sed tincidunt eu felis fusce posuere felis sed lacus morbi sem mauris laoreet ut rhoncus aliquet pulvinar sed nisl nunc rhoncus dui vel sem sed sagittis na', 4742),
(84, 'Glass', 'sociis natoque penatibus et magnis dis parturient montes nascetur ridiculus mus etiam vel augue vestibulum rutrum rutrum neque aenean auctor gravida sem praesent id massa id nisl venenatis lacinia aenean sit amet justo morbi ut odio cras mi pede malesuada', 7228),
(85, 'Glass', 'enim lorem ipsum dolor sit amet consectetuer adipiscing elit proin interdum mauris non ligula pellentesque ultrices phasellus id sapien in sapien iaculis congue vivamus metus arcu adipiscing molestie hendrerit at vulputate vitae nisl aenean lectus pellent', 5190),
(86, 'Brass', 'blandit ultrices enim lorem ipsum dolor sit amet consectetuer adipiscing elit proin interdum mauris non ligula pellentesque ultrices phasellus id sapien in sapien iaculis congue vivamus metus arcu adipiscing molestie hendrerit at vulputate vitae nisl aene', 512),
(87, 'Plexiglass', 'erat id mauris vulputate elementum nullam varius nulla facilisi cras non velit nec nisi vulputate nonummy maecenas tincidunt lacus at velit vivamus vel nulla eget eros elementum pellentesque quisque porta volutpat erat quisque erat eros viverra eget congu', 4876),
(88, 'Wood', 'sapien iaculis congue vivamus metus arcu adipiscing molestie hendrerit at vulputate vitae nisl aenean lectus pellentesque eget nunc donec quis orci eget orci vehicula condimentum curabitur in libero ut massa volutpat convallis morbi odio odio elementum eu', 13584),
(89, 'Brass', 'erat nulla tempus vivamus in felis eu sapien cursus vestibulum proin eu mi nulla ac enim in tempor turpis nec euismod scelerisque quam turpis adipiscing lorem vitae mattis nibh ligula nec sem duis aliquam convallis nunc proin at turpis a pede posuere nonu', 7740),
(90, 'Glass', 'id ornare imperdiet sapien urna pretium nisl ut volutpat sapien arcu sed augue aliquam erat volutpat in congue etiam justo etiam pretium iaculis justo in hac habitasse platea dictumst etiam faucibus cursus urna ut tellus nulla ut erat id mauris vulputate ', 751),
(91, 'Rubber', 'porta volutpat quam pede lobortis ligula sit amet eleifend pede libero quis orci nullam molestie nibh in lectus pellentesque at nulla suspendisse potenti cras in purus eu magna vulputate luctus cum sociis natoque penatibus et magnis dis parturient montes ', 1576),
(92, 'Aluminum', 'adipiscing elit proin interdum mauris non ligula pellentesque ultrices phasellus id sapien in sapien iaculis congue vivamus metus arcu adipiscing molestie hendrerit at vulputate vitae nisl aenean lectus pellentesque eget nunc donec quis orci eget orci veh', 8871),
(93, 'Vinyl', 'vitae quam suspendisse potenti nullam porttitor lacus at turpis donec posuere metus vitae ipsum aliquam non mauris morbi non lectus aliquam sit amet diam in magna bibendum imperdiet nullam orci pede venenatis non sodales sed tincidunt eu felis fusce posue', 2841),
(94, 'Stone', 'tempus vivamus in felis eu sapien cursus vestibulum proin eu mi nulla ac enim in tempor turpis nec euismod scelerisque quam turpis adipiscing lorem vitae mattis nibh ligula nec sem duis aliquam convallis nunc proin at turpis a pede posuere nonummy integer', 11124),
(95, 'Brass', 'vivamus metus arcu adipiscing molestie hendrerit at vulputate vitae nisl aenean lectus pellentesque eget nunc donec quis orci eget orci vehicula condimentum curabitur in libero ut massa volutpat convallis morbi odio odio elementum eu interdum eu tincidunt', 2826),
(96, 'Granite', 'lacus purus aliquet at feugiat non pretium quis lectus suspendisse potenti in eleifend quam a odio in hac habitasse platea dictumst maecenas ut massa quis augue luctus tincidunt nulla mollis molestie lorem quisque ut erat curabitur gravida nisi at nibh in', 4530),
(97, 'Glass', 'malesuada in imperdiet et commodo vulputate justo in blandit ultrices enim lorem ipsum dolor sit amet consectetuer adipiscing elit proin interdum mauris non ligula pellentesque ultrices phasellus id sapien in sapien iaculis congue vivamus metus arcu adipi', 17929),
(98, 'Granite', 'proin at turpis a pede posuere nonummy integer non velit donec diam neque vestibulum eget vulputate ut ultrices vel augue vestibulum ante ipsum primis in faucibus orci luctus et ultrices posuere cubilia curae donec pharetra magna vestibulum aliquet ultric', 6759),
(99, 'Plastic', 'nec euismod scelerisque quam turpis adipiscing lorem vitae mattis nibh ligula nec sem duis aliquam convallis nunc proin at turpis a pede posuere nonummy integer non velit donec diam neque vestibulum eget vulputate ut ultrices vel augue vestibulum ante ips', 10030),
(100, 'Steel', 'et ultrices posuere cubilia curae duis faucibus accumsan odio curabitur convallis duis consequat dui nec nisi volutpat eleifend donec ut dolor morbi vel lectus in quam fringilla rhoncus mauris enim leo rhoncus sed vestibulum sit amet cursus id turpis inte', 12038);

INSERT INTO `warehouse` (`Item_ID`, `Dostepnosc`, `Regal`, `Polka`, `Package_ID`) VALUES
(1, 14, 253, 4, 1),
(2, 646, 9, 19, 2),
(3, 613, 48, 15, 3),
(4, 247, 42, 11, 4),
(5, 256, 207, 6, 5),
(6, 416, 110, 4, 6),
(7, 768, 63, 1, 7),
(8, 761, 192, 8, 8),
(9, 556, 253, 18, 9),
(10, 262, 49, 11, 10),
(11, 618, 40, 7, 11),
(12, 83, 48, 8, 12),
(13, 251, 113, 10, 13),
(14, 196, 21, 9, 14),
(15, 664, 185, 18, 15),
(16, 255, 133, 13, 16),
(17, 225, 78, 13, 17),
(18, 893, 19, 19, 18),
(19, 615, 27, 10, 19),
(20, 852, 223, 4, 20),
(21, 587, 238, 16, 21),
(22, 507, 78, 7, 22),
(23, 296, 298, 16, 23),
(24, 517, 17, 4, 24),
(25, 769, 272, 19, 25),
(26, 147, 157, 4, 26),
(27, 209, 245, 7, 27),
(28, 385, 141, 19, 28),
(29, 382, 99, 9, 29),
(30, 116, 169, 17, 30),
(31, 569, 66, 17, 31),
(32, 289, 45, 5, 32),
(33, 523, 17, 16, 33),
(34, 770, 115, 10, 34),
(35, 263, 156, 12, 35),
(36, 708, 134, 8, 36),
(37, 824, 115, 7, 37),
(38, 43, 40, 13, 38),
(39, 969, 101, 13, 39),
(40, 640, 171, 5, 40),
(41, 411, 232, 2, 41),
(42, 64, 204, 10, 42),
(43, 16, 201, 1, 43),
(44, 713, 180, 1, 44),
(45, 245, 134, 1, 45),
(46, 913, 169, 15, 46),
(47, 993, 289, 8, 47),
(48, 30, 57, 19, 48),
(49, 982, 276, 10, 49),
(50, 307, 204, 1, 50),
(51, 488, 12, 7, 51),
(52, 313, 126, 6, 52),
(53, 839, 70, 6, 53),
(54, 10, 161, 6, 54),
(55, 898, 92, 17, 55),
(56, 1000, 197, 13, 56),
(57, 361, 54, 10, 57),
(58, 461, 151, 20, 58),
(59, 157, 13, 15, 59),
(60, 579, 169, 12, 60),
(61, 700, 214, 15, 61),
(62, 228, 99, 20, 62),
(63, 28, 215, 2, 63),
(64, 136, 130, 7, 64),
(65, 743, 67, 10, 65),
(66, 665, 104, 9, 66),
(67, 521, 267, 5, 67),
(68, 15, 107, 17, 68),
(69, 779, 167, 1, 69),
(70, 694, 247, 5, 70),
(71, 683, 121, 18, 71),
(72, 872, 10, 20, 72),
(73, 315, 278, 5, 73),
(74, 490, 211, 10, 74),
(75, 92, 13, 12, 75),
(76, 57, 43, 18, 76),
(77, 265, 253, 17, 77),
(78, 764, 176, 3, 78),
(79, 254, 199, 2, 79),
(80, 603, 51, 14, 80),
(81, 737, 280, 17, 81),
(82, 44, 113, 1, 82),
(83, 938, 195, 11, 83),
(84, 457, 272, 8, 84),
(85, 360, 163, 20, 85),
(86, 348, 256, 5, 86),
(87, 168, 34, 2, 87),
(88, 476, 255, 9, 88),
(89, 469, 212, 18, 89),
(90, 94, 251, 3, 90),
(91, 133, 258, 14, 91),
(92, 794, 300, 17, 92),
(93, 302, 120, 18, 93),
(94, 992, 131, 16, 94),
(95, 984, 250, 8, 95),
(96, 308, 266, 19, 96),
(97, 524, 146, 20, 97),
(98, 68, 37, 15, 98),
(99, 837, 134, 16, 99),
(100, 999, 5, 7, 100);
